SimulationYear,DayOfYear,AttemptedNumberIgnitions,ActualNumberIgnitions,FireWeatherIndex,IgnitionType,
1, 12, 1, 1, 0, Accidental, 
1, 38, 1, 1, 13.6857406018416, Accidental, 
1, 47, 1, 1, 10.6953165607186, Accidental, 
1, 48, 1, 1, 14.4715180002553, Accidental, 
1, 85, 1, 1, 17.8780634098247, Accidental, 
1, 87, 1, 1, 13.6483811274174, Accidental, 
1, 89, 1, 1, 17.9553928211091, Accidental, 
1, 100, 1, 1, 28.4456309847748, Accidental, 
1, 101, 1, 1, 32.5153088835608, Accidental, 
1, 103, 1, 1, 30.6205845313597, Accidental, 
1, 105, 1, 1, 31.7068055611029, Accidental, 
1, 106, 1, 1, 24.5720988574126, Accidental, 
1, 115, 1, 1, 28.190523522511, Accidental, 
1, 116, 2, 2, 29.3728961728479, Accidental, 
1, 124, 1, 1, 28.1223982494671, Accidental, 
1, 125, 1, 1, 34.0701259226963, Accidental, 
1, 126, 2, 2, 32.4742867952021, Accidental, 
1, 127, 1, 1, 30.4498476899089, Accidental, 
1, 129, 2, 2, 34.1179080002151, Accidental, 
1, 130, 2, 2, 31.2008036370474, Accidental, 
1, 133, 1, 1, 19.8943466384031, Accidental, 
1, 135, 1, 1, 27.336890625537, Accidental, 
1, 137, 1, 1, 23.3400224457443, Accidental, 
1, 138, 1, 1, 21.231463716684, Accidental, 
1, 145, 1, 1, 25.3757881186158, Accidental, 
1, 152, 1, 1, 27.4222918475053, Accidental, 
1, 153, 1, 1, 30.2040608110478, Accidental, 
1, 154, 2, 2, 32.3536419538907, Accidental, 
1, 155, 1, 1, 31.1126485190216, Accidental, 
1, 157, 1, 1, 31.3295705702954, Accidental, 
1, 158, 1, 1, 28.9561450986426, Accidental, 
1, 161, 1, 1, 30.8673497360036, Accidental, 
1, 170, 1, 1, 27.0875496931784, Accidental, 
1, 176, 1, 1, 31.9455726989988, Accidental, 
1, 180, 1, 1, 27.9032409340635, Accidental, 
1, 182, 1, 1, 29.9402984081487, Accidental, 
1, 185, 2, 2, 33.2512448826546, Accidental, 
1, 186, 3, 3, 46.5557608361248, Accidental, 
1, 187, 2, 2, 42.7046901446111, Accidental, 
1, 188, 2, 2, 38.5046135345403, Accidental, 
1, 189, 2, 2, 36.2730225066946, Accidental, 
1, 190, 2, 2, 30.8927426803512, Accidental, 
1, 191, 1, 1, 27.9894374496402, Lightning, 
1, 192, 1, 1, 27.3970017876665, Accidental, 
1, 194, 1, 1, 28.2851210802116, Accidental, 
1, 201, 1, 1, 24.7717382018026, Accidental, 
1, 202, 1, 1, 25.1336878637708, Accidental, 
1, 205, 2, 2, 36.0739236869752, Accidental, 
1, 208, 2, 2, 37.6792413191689, Accidental, 
1, 218, 2, 2, 43.43111200019, Accidental, 
1, 219, 3, 3, 41.1544369788856, Accidental, 
1, 227, 1, 1, 27.206878020765, Accidental, 
1, 230, 1, 1, 26.8475447358821, Accidental, 
1, 231, 1, 1, 32.1657284077461, Accidental, 
1, 232, 1, 1, 33.5647322904667, Accidental, 
1, 233, 2, 2, 31.3523468864467, Accidental, 
1, 235, 1, 1, 30.1304707559929, Accidental, 
1, 236, 2, 2, 28.7760487954144, Accidental, 
1, 239, 1, 1, 35.2968602750326, Accidental, 
1, 241, 2, 2, 37.3401862233223, Accidental, 
1, 242, 2, 2, 36.7677875758771, Accidental, 
1, 247, 1, 1, 25.2231028508244, Accidental, 
1, 249, 1, 1, 26.821316112576, Accidental, 
1, 255, 1, 1, 35.3712097518113, Lightning, 
1, 257, 2, 2, 40.0809251741187, Accidental, 
1, 260, 2, 2, 39.3402316864819, Accidental, 
1, 264, 1, 1, 32.8512026702318, Lightning, 
1, 269, 1, 1, 30.2264979310356, Accidental, 
1, 271, 1, 1, 34.6693651568981, Accidental, 
1, 274, 1, 1, 26.2093653758893, Accidental, 
1, 275, 1, 1, 23.3940448084233, Accidental, 
1, 284, 1, 1, 20.0200966398287, Accidental, 
1, 286, 1, 1, 16.7704633900491, Accidental, 
1, 287, 2, 2, 39.3652851759871, Accidental, 
1, 290, 1, 1, 35.7156882260256, Accidental, 
1, 291, 2, 2, 41.6875355958392, Accidental, 
1, 292, 2, 2, 34.7886731644314, Accidental, 
1, 298, 1, 1, 29.2567557488679, Accidental, 
1, 299, 2, 2, 29.7831604756978, Accidental, 
1, 300, 1, 1, 31.1286898047126, Accidental, 
1, 302, 1, 1, 27.7391998995113, Accidental, 
1, 304, 2, 2, 36.683477394127, Accidental, 
1, 305, 2, 2, 33.5230502176514, Accidental, 
1, 306, 2, 2, 34.006449126293, Accidental, 
1, 308, 2, 2, 32.3059372320575, Accidental, 
1, 310, 1, 1, 25.9555607498864, Accidental, 
1, 312, 4, 4, 51.2550497358807, Accidental, 
1, 314, 2, 2, 43.6977498050163, Accidental, 
1, 315, 5, 5, 56.0481432553749, Accidental, 
1, 316, 5, 5, 57.6593741555291, Accidental, 
1, 317, 4, 4, 52.5046083103172, Accidental, 
1, 318, 3, 3, 43.1331420443905, Accidental, 
1, 319, 2, 2, 35.9843756572101, Accidental, 
1, 325, 1, 1, 22.9565157693483, Accidental, 
1, 330, 1, 1, 24.4007761324045, Accidental, 
1, 333, 1, 1, 21.3274940413573, Accidental, 
2, 72, 1, 1, 11.7998769579733, Accidental, 
2, 100, 1, 1, 18.6701873101222, Accidental, 
2, 101, 1, 1, 17.6829735886814, Accidental, 
2, 104, 1, 1, 13.0242254584665, Accidental, 
2, 108, 1, 1, 9.99796370986146, Accidental, 
2, 111, 1, 1, 18.752734689035, Accidental, 
2, 116, 1, 1, 15.3144057042162, Lightning, 
2, 120, 1, 1, 13.6427606454243, Accidental, 
2, 126, 1, 1, 17.5523681168168, Accidental, 
2, 135, 1, 1, 16.9005937961346, Accidental, 
2, 137, 1, 1, 21.4358712233484, Accidental, 
2, 141, 1, 1, 30.2981435595993, Accidental, 
2, 143, 1, 1, 27.4543361981464, Accidental, 
2, 147, 1, 1, 28.3832952932839, Accidental, 
2, 150, 2, 2, 28.1088189545248, Accidental, 
2, 153, 1, 1, 24.5367150381622, Accidental, 
2, 155, 1, 1, 23.8313233722466, Accidental, 
2, 157, 1, 1, 22.2772498769322, Accidental, 
2, 165, 1, 1, 24.5907080988145, Accidental, 
2, 167, 1, 1, 25.2767891872563, Accidental, 
2, 177, 2, 2, 33.1118827043254, Accidental, 
2, 178, 2, 2, 35.0702499015933, Accidental, 
2, 181, 2, 2, 37.9866923005772, Accidental, 
2, 182, 1, 1, 38.9343809279161, Accidental, 
2, 183, 2, 2, 38.3683262110112, Accidental, 
2, 184, 2, 2, 36.6173789318403, Accidental, 
2, 185, 2, 2, 37.9656371973992, Accidental, 
2, 186, 2, 2, 37.4009806417885, Accidental, 
2, 187, 2, 2, 32.7003481689095, Accidental, 
2, 190, 2, 2, 33.1431211454979, Accidental, 
2, 190, 1, 1, 33.1431211454979, Lightning, 
2, 192, 2, 2, 35.9443206194926, Accidental, 
2, 193, 1, 1, 34.0857730486531, Accidental, 
2, 195, 1, 1, 36.0638424889178, Accidental, 
2, 196, 2, 2, 35.3149651564902, Accidental, 
2, 198, 2, 2, 32.5003349641704, Accidental, 
2, 200, 1, 1, 27.2332736171904, Accidental, 
2, 201, 2, 2, 30.0159496542817, Accidental, 
2, 202, 1, 1, 29.2163172551621, Accidental, 
2, 204, 1, 1, 31.0335757686223, Accidental, 
2, 212, 1, 1, 22.9374053167437, Accidental, 
2, 213, 1, 1, 23.5733361668288, Accidental, 
2, 218, 1, 1, 32.8133738979999, Accidental, 
2, 219, 1, 1, 34.5363032591858, Accidental, 
2, 220, 1, 1, 35.6018962364559, Accidental, 
2, 221, 2, 2, 35.9439394287105, Accidental, 
2, 223, 2, 2, 42.8557427104497, Accidental, 
2, 227, 2, 2, 35.73310458267, Accidental, 
2, 231, 2, 2, 31.578561912604, Accidental, 
2, 232, 1, 1, 27.5030968756483, Accidental, 
2, 236, 1, 1, 26.3199621492802, Accidental, 
2, 237, 1, 1, 29.0530944861803, Accidental, 
2, 240, 1, 1, 28.6185377430948, Accidental, 
2, 241, 1, 1, 27.9410073921538, Accidental, 
2, 249, 1, 1, 30.7259850439474, Accidental, 
2, 251, 2, 2, 32.3278250746303, Accidental, 
2, 255, 2, 2, 27.960470625641, Accidental, 
2, 258, 1, 1, 32.0294908493984, Accidental, 
2, 261, 2, 2, 33.8719554779288, Accidental, 
2, 264, 2, 2, 35.5795923684055, Accidental, 
2, 265, 1, 1, 38.6834830330013, Accidental, 
2, 267, 1, 1, 25.2761458939734, Accidental, 
2, 269, 1, 1, 29.3233540459689, Accidental, 
2, 273, 2, 2, 28.9465445605878, Accidental, 
2, 280, 1, 1, 22.9240198084842, Accidental, 
2, 286, 1, 1, 31.1579819270909, Accidental, 
2, 287, 1, 1, 32.4230009762797, Accidental, 
2, 294, 2, 2, 37.3001369489516, Accidental, 
2, 296, 2, 2, 39.5166966065064, Accidental, 
2, 297, 3, 3, 50.8129131614811, Accidental, 
2, 298, 4, 4, 56.6652805374646, Accidental, 
2, 300, 2, 2, 45.8448831829541, Accidental, 
2, 301, 4, 4, 51.7841642391201, Accidental, 
2, 302, 2, 2, 40.9871302200611, Accidental, 
2, 303, 1, 1, 26.6072522963564, Accidental, 
2, 307, 1, 1, 16.8905676311698, Accidental, 
2, 308, 1, 1, 16.4498655809025, Accidental, 
2, 312, 1, 1, 22.9531580755851, Accidental, 
2, 324, 1, 1, 31.4373787815385, Accidental, 
2, 325, 2, 2, 32.6227185138871, Accidental, 
2, 326, 1, 1, 35.4506227646384, Accidental, 
2, 327, 1, 1, 29.3665472716238, Accidental, 
2, 330, 2, 2, 32.5212951248722, Accidental, 
2, 361, 1, 1, 0, Accidental, 
3, 70, 1, 1, 9.7123199687261, Accidental, 
3, 99, 1, 1, 14.9924036129771, Accidental, 
3, 101, 1, 1, 15.352122407457, Accidental, 
3, 104, 1, 1, 18.2495277199381, Accidental, 
3, 112, 1, 1, 19.6985655399051, Accidental, 
3, 115, 1, 1, 13.9950913465358, Accidental, 
3, 123, 1, 1, 14.9060608555546, Accidental, 
3, 124, 1, 1, 19.8314742670185, Accidental, 
3, 125, 1, 1, 18.2116581840961, Accidental, 
3, 138, 1, 1, 19.5390235960323, Accidental, 
3, 140, 1, 1, 23.0240976093654, Accidental, 
3, 141, 1, 1, 27.9645899288469, Accidental, 
3, 142, 1, 1, 30.3764155697507, Accidental, 
3, 143, 1, 1, 29.1865345037107, Accidental, 
3, 144, 1, 1, 27.2655454708865, Accidental, 
3, 148, 1, 1, 28.3634299854734, Accidental, 
3, 151, 1, 1, 25.1832652915518, Accidental, 
3, 154, 1, 1, 20.2751186091224, Accidental, 
3, 155, 1, 1, 23.5490022628542, Accidental, 
3, 164, 1, 1, 26.0026511750461, Accidental, 
3, 166, 1, 1, 29.2828745857852, Accidental, 
3, 170, 1, 1, 29.2993329499389, Accidental, 
3, 173, 2, 2, 38.1114983092679, Accidental, 
3, 175, 2, 2, 39.1842729447284, Accidental, 
3, 179, 1, 1, 30.462407116352, Accidental, 
3, 183, 1, 1, 34.7724710412982, Accidental, 
3, 184, 2, 2, 34.597025668243, Accidental, 
3, 186, 1, 1, 34.4745888891863, Accidental, 
3, 188, 2, 2, 35.4418592221401, Accidental, 
3, 190, 1, 1, 31.3544462622934, Accidental, 
3, 194, 2, 2, 41.6321025176208, Accidental, 
3, 197, 2, 2, 38.8239052566647, Accidental, 
3, 198, 2, 2, 36.6117936910773, Accidental, 
3, 202, 2, 2, 32.1599408067678, Accidental, 
3, 203, 1, 1, 33.8591415048411, Accidental, 
3, 204, 1, 1, 27.1745287991751, Lightning, 
3, 205, 1, 1, 26.0703697705446, Accidental, 
3, 207, 1, 1, 27.078094426281, Accidental, 
3, 209, 1, 1, 29.3698450491687, Accidental, 
3, 211, 1, 1, 27.3821698949113, Accidental, 
3, 215, 1, 1, 26.4671211157153, Accidental, 
3, 218, 1, 1, 28.998842927241, Accidental, 
3, 224, 1, 1, 27.8320150183146, Accidental, 
3, 226, 1, 1, 25.5133491765065, Accidental, 
3, 228, 1, 1, 26.3319151614641, Accidental, 
3, 229, 1, 1, 27.7469169567513, Accidental, 
3, 231, 1, 1, 24.8682854633008, Accidental, 
3, 233, 1, 1, 33.3288034307157, Accidental, 
3, 234, 2, 2, 35.7966633615804, Accidental, 
3, 235, 2, 2, 36.2731723222015, Accidental, 
3, 238, 1, 1, 34.286931478649, Lightning, 
3, 242, 1, 1, 37.8300188316868, Accidental, 
3, 244, 2, 2, 33.0473046224281, Accidental, 
3, 246, 1, 1, 32.8756920696422, Accidental, 
3, 247, 2, 2, 33.2766574181847, Accidental, 
3, 250, 2, 2, 39.0666154457892, Accidental, 
3, 251, 1, 1, 37.8818509787893, Accidental, 
3, 252, 1, 1, 29.2176121176658, Accidental, 
3, 257, 1, 1, 25.4747031415566, Accidental, 
3, 262, 1, 1, 26.5256406546026, Accidental, 
3, 263, 1, 1, 25.1744077505784, Accidental, 
3, 265, 1, 1, 29.9857300423898, Accidental, 
3, 266, 1, 1, 30.4517807774904, Accidental, 
3, 267, 1, 1, 30.5388805903309, Accidental, 
3, 268, 1, 1, 34.0396667354754, Accidental, 
3, 269, 1, 1, 33.6246741667342, Accidental, 
3, 270, 2, 2, 39.4961586792836, Accidental, 
3, 271, 2, 2, 34.8730719909191, Accidental, 
3, 272, 2, 2, 39.3418198769622, Accidental, 
3, 273, 2, 2, 41.6324913223352, Accidental, 
3, 276, 2, 2, 34.6653416251982, Accidental, 
3, 277, 2, 2, 43.4631621599271, Accidental, 
3, 279, 2, 2, 42.7253635925034, Accidental, 
3, 282, 1, 1, 30.1140468544815, Accidental, 
3, 285, 2, 2, 32.2941898418599, Accidental, 
3, 288, 2, 2, 30.8516676736921, Accidental, 
3, 293, 1, 1, 14.5154268355666, Accidental, 
3, 295, 1, 1, 15.5105246658557, Accidental, 
3, 304, 2, 2, 32.9974379570023, Accidental, 
3, 305, 2, 2, 42.0179439940279, Accidental, 
3, 305, 4, 4, 42.0179439940279, Lightning, 
3, 306, 1, 1, 34.0203669005578, Accidental, 
3, 311, 1, 1, 25.4937516023532, Accidental, 
3, 312, 1, 1, 20.4104119181761, Accidental, 
3, 318, 1, 1, 38.5331097013055, Accidental, 
3, 319, 2, 2, 40.382081335486, Accidental, 
3, 321, 3, 3, 49.4238343237973, Accidental, 
3, 322, 3, 3, 44.0492433020878, Accidental, 
3, 323, 2, 2, 45.065881515532, Accidental, 
3, 324, 2, 2, 40.958877927943, Accidental, 
3, 329, 1, 1, 33.7448594910824, Accidental, 
4, 85, 1, 1, 15.3126456547122, Lightning, 
4, 90, 1, 1, 16.5757171081071, Lightning, 
4, 96, 1, 1, 23.7691448758569, Accidental, 
4, 110, 1, 1, 24.2805646084676, Accidental, 
4, 111, 1, 1, 23.6257559159158, Accidental, 
4, 116, 1, 1, 25.5856445419318, Accidental, 
4, 119, 1, 1, 29.4418213594241, Accidental, 
4, 121, 1, 1, 26.8270199613597, Accidental, 
4, 134, 1, 1, 25.8576153752434, Lightning, 
4, 137, 1, 1, 19.2301670122833, Accidental, 
4, 138, 1, 1, 26.5650829621846, Accidental, 
4, 139, 2, 2, 28.4316134453402, Accidental, 
4, 141, 1, 1, 29.220738531772, Accidental, 
4, 146, 1, 1, 22.8563752432068, Accidental, 
4, 148, 1, 1, 24.5985800682222, Accidental, 
4, 157, 1, 1, 26.9245937207192, Accidental, 
4, 158, 1, 1, 28.8404486120655, Accidental, 
4, 164, 1, 1, 28.1113809630652, Accidental, 
4, 166, 1, 1, 30.8975001412302, Accidental, 
4, 167, 1, 1, 32.1499926320916, Accidental, 
4, 170, 1, 1, 35.9205024244934, Accidental, 
4, 171, 1, 1, 37.1139884493533, Accidental, 
4, 172, 2, 2, 36.0229400144491, Accidental, 
4, 173, 1, 1, 34.011935262879, Accidental, 
4, 174, 2, 2, 35.8037161857486, Accidental, 
4, 175, 2, 2, 38.6345885337901, Accidental, 
4, 176, 4, 4, 49.4262228800185, Accidental, 
4, 177, 3, 3, 47.1981989936763, Accidental, 
4, 178, 2, 2, 39.5947932586934, Accidental, 
4, 179, 2, 2, 32.7973161495806, Accidental, 
4, 181, 1, 1, 31.5595190858535, Accidental, 
4, 185, 2, 2, 34.8149119243068, Accidental, 
4, 187, 2, 2, 36.0319500694732, Accidental, 
4, 188, 1, 1, 37.2162338306061, Accidental, 
4, 191, 1, 1, 29.4968521175413, Accidental, 
4, 193, 1, 1, 30.2725708591472, Accidental, 
4, 195, 2, 2, 32.5877066483228, Accidental, 
4, 197, 1, 1, 31.3660575982476, Accidental, 
4, 198, 1, 1, 29.4855035557862, Accidental, 
4, 200, 1, 1, 31.1641856460566, Accidental, 
4, 203, 2, 2, 31.1775142094618, Accidental, 
4, 206, 1, 1, 26.1518440542198, Accidental, 
4, 206, 1, 1, 26.1518440542198, Lightning, 
4, 207, 1, 1, 28.1234495836506, Accidental, 
4, 210, 1, 1, 27.7845166098266, Accidental, 
4, 212, 1, 1, 32.0424686026643, Accidental, 
4, 214, 1, 1, 25.382770500034, Accidental, 
4, 215, 1, 1, 27.5442864935439, Accidental, 
4, 218, 1, 1, 26.3076754027635, Accidental, 
4, 220, 2, 2, 29.6951561976249, Accidental, 
4, 230, 1, 1, 25.6094524807094, Accidental, 
4, 232, 1, 1, 26.8718903450771, Accidental, 
4, 237, 1, 1, 27.4788186957896, Accidental, 
4, 238, 1, 1, 33.219728548995, Lightning, 
4, 240, 1, 1, 34.10175360308, Accidental, 
4, 243, 2, 2, 37.4755471027151, Lightning, 
4, 244, 2, 2, 42.4812981014083, Accidental, 
4, 246, 1, 1, 23.6969453393471, Accidental, 
4, 248, 1, 1, 27.3024902727622, Accidental, 
4, 249, 1, 1, 28.7441859924238, Accidental, 
4, 250, 2, 2, 28.1813945475129, Accidental, 
4, 261, 2, 2, 26.2928408925074, Accidental, 
4, 263, 1, 1, 26.501124655201, Accidental, 
4, 269, 1, 1, 32.1995579487777, Accidental, 
4, 272, 1, 1, 36.0204723824986, Accidental, 
4, 273, 1, 1, 33.1450139726162, Accidental, 
4, 274, 1, 1, 29.8132652959058, Accidental, 
4, 275, 2, 2, 28.5489790203517, Accidental, 
4, 279, 2, 2, 43.4135578583151, Accidental, 
4, 279, 5, 5, 43.4135578583151, Lightning, 
4, 280, 2, 2, 41.9042136222695, Accidental, 
4, 281, 3, 3, 48.8089510557843, Accidental, 
4, 286, 1, 1, 35.5023740524209, Accidental, 
4, 287, 2, 2, 39.5367920316714, Accidental, 
4, 289, 2, 2, 41.7476962301479, Accidental, 
4, 290, 2, 2, 37.6342366550386, Accidental, 
4, 291, 1, 1, 35.7191049155038, Lightning, 
4, 292, 2, 2, 30.0695728630261, Accidental, 
4, 293, 1, 1, 28.7695283199468, Accidental, 
4, 294, 2, 2, 41.1803703994901, Accidental, 
4, 295, 5, 5, 56.7047057695669, Accidental, 
4, 296, 6, 6, 61.6717781587314, Accidental, 
4, 297, 3, 3, 46.424333538476, Accidental, 
4, 298, 2, 2, 40.6800204322539, Accidental, 
4, 299, 2, 2, 39.228699185193, Accidental, 
4, 301, 1, 1, 32.36873525045, Accidental, 
4, 302, 1, 1, 27.789376390646, Accidental, 
4, 308, 1, 1, 24.7679093201644, Accidental, 
4, 309, 1, 1, 24.1196268790794, Accidental, 
4, 314, 1, 1, 21.1805749044826, Accidental, 
4, 316, 2, 2, 28.8731349790301, Accidental, 
4, 317, 1, 1, 29.8673268086273, Accidental, 
4, 321, 1, 1, 24.1560872380115, Accidental, 
4, 323, 1, 1, 33.5499473195106, Lightning, 
4, 324, 2, 2, 36.3963272649296, Accidental, 
4, 325, 2, 2, 39.2876899231017, Accidental, 
4, 329, 1, 1, 32.1029064721997, Lightning, 
4, 330, 1, 1, 32.4289144641619, Accidental, 
5, 36, 1, 1, 5.55842441941452, Accidental, 
5, 48, 1, 1, 13.5488658979467, Accidental, 
5, 68, 1, 1, 12.3017462333201, Accidental, 
5, 82, 1, 1, 14.6268994650992, Accidental, 
5, 87, 1, 1, 23.5595050320899, Accidental, 
5, 88, 1, 1, 25.4725853396528, Accidental, 
5, 108, 1, 1, 17.0988058056195, Lightning, 
5, 113, 1, 1, 24.0272108998485, Accidental, 
5, 117, 4, 4, 51.6503596160413, Accidental, 
5, 119, 1, 1, 25.2185887433856, Accidental, 
5, 121, 1, 1, 29.9444863273355, Accidental, 
5, 122, 1, 1, 37.0971765769843, Accidental, 
5, 123, 2, 2, 43.9445829504613, Accidental, 
5, 125, 2, 2, 38.3802813975164, Accidental, 
5, 126, 1, 1, 34.8328929786785, Accidental, 
5, 130, 1, 1, 31.7309810459349, Accidental, 
5, 132, 1, 1, 25.9418490640441, Accidental, 
5, 133, 1, 1, 28.7741030959009, Accidental, 
5, 137, 1, 1, 29.5949174169604, Accidental, 
5, 153, 1, 1, 31.6978002318423, Accidental, 
5, 154, 1, 1, 30.3587978147029, Accidental, 
5, 157, 1, 1, 31.9030156038156, Accidental, 
5, 158, 1, 1, 28.1932057450576, Accidental, 
5, 159, 1, 1, 28.001246119399, Accidental, 
5, 162, 1, 1, 25.4541435675001, Accidental, 
5, 163, 1, 1, 27.0335361480237, Accidental, 
5, 165, 1, 1, 28.6179354496018, Accidental, 
5, 170, 1, 1, 27.1004757495508, Accidental, 
5, 175, 2, 2, 27.7064090277565, Accidental, 
5, 179, 1, 1, 27.7736856668666, Accidental, 
5, 180, 1, 1, 25.6859156122527, Accidental, 
5, 185, 1, 1, 26.7136651425195, Accidental, 
5, 186, 1, 1, 27.9917460980462, Accidental, 
5, 190, 1, 1, 31.9292331257802, Accidental, 
5, 191, 2, 2, 33.0330884734187, Accidental, 
5, 193, 2, 2, 36.9487983242512, Accidental, 
5, 194, 2, 2, 37.1921292378398, Accidental, 
5, 196, 1, 1, 35.3042254138557, Accidental, 
5, 203, 2, 2, 35.5320241245617, Accidental, 
5, 206, 1, 1, 34.4294027092223, Accidental, 
5, 208, 1, 1, 35.4516688959363, Accidental, 
5, 210, 1, 1, 37.416894948669, Accidental, 
5, 213, 1, 1, 33.5067967151814, Lightning, 
5, 214, 2, 2, 31.2238542766898, Accidental, 
5, 217, 1, 1, 31.066312978947, Lightning, 
5, 218, 1, 1, 31.0506725030684, Accidental, 
5, 222, 2, 2, 35.9704638962965, Accidental, 
5, 223, 2, 2, 38.2315723220292, Accidental, 
5, 228, 1, 1, 26.1295046245584, Accidental, 
5, 229, 1, 1, 28.8053829983913, Accidental, 
5, 230, 1, 1, 29.5182079140023, Accidental, 
5, 232, 2, 2, 29.8996671269018, Accidental, 
5, 233, 1, 1, 29.7247607877144, Accidental, 
5, 235, 1, 1, 25.8327917983189, Accidental, 
5, 240, 2, 2, 30.8612535711009, Accidental, 
5, 244, 3, 3, 44.9631815984038, Accidental, 
5, 245, 3, 3, 46.6587659913985, Accidental, 
5, 247, 1, 1, 36.6295271418586, Accidental, 
5, 250, 2, 2, 38.0967553144888, Accidental, 
5, 251, 2, 2, 36.3407554603126, Accidental, 
5, 254, 1, 1, 35.3416374297137, Accidental, 
5, 257, 1, 1, 27.5239415948902, Accidental, 
5, 258, 1, 1, 28.4582637891493, Accidental, 
5, 259, 1, 1, 31.8303558523712, Accidental, 
5, 262, 1, 1, 27.6077737933258, Lightning, 
5, 263, 1, 1, 36.2589200223997, Accidental, 
5, 264, 2, 2, 42.0955901617806, Accidental, 
5, 265, 2, 2, 40.6427054767467, Accidental, 
5, 266, 2, 2, 41.2141657121351, Accidental, 
5, 268, 2, 2, 41.2916728022962, Accidental, 
5, 269, 3, 3, 42.0480372428113, Accidental, 
5, 270, 2, 2, 40.4162634298929, Accidental, 
5, 271, 2, 2, 32.2821473338662, Accidental, 
5, 277, 1, 1, 25.9333043611578, Accidental, 
5, 278, 1, 1, 29.1254304265818, Accidental, 
5, 282, 1, 1, 30.1025710598756, Accidental, 
5, 283, 1, 1, 25.4500687346533, Accidental, 
5, 287, 1, 1, 30.3475864900405, Accidental, 
5, 290, 1, 1, 21.6464721515876, Accidental, 
5, 305, 2, 2, 26.1269832313069, Accidental, 
5, 306, 1, 1, 23.6394337932619, Accidental, 
5, 317, 1, 1, 19.5639219539974, Accidental, 
5, 321, 1, 1, 17.5007675762584, Accidental, 
5, 324, 1, 1, 17.6771597293449, Accidental, 
5, 326, 1, 1, 13.3251584638228, Accidental, 
5, 332, 1, 1, 28.1565172369382, Accidental, 
5, 351, 1, 1, 0, Accidental, 
6, 78, 1, 1, 14.0342285335585, Accidental, 
6, 79, 1, 1, 14.5059213302533, Accidental, 
6, 80, 1, 1, 17.8887424169112, Accidental, 
6, 87, 1, 1, 22.1735980645082, Accidental, 
6, 91, 1, 1, 18.0328911433893, Accidental, 
6, 99, 1, 1, 17.4992993569575, Accidental, 
6, 111, 2, 2, 36.5745542523501, Accidental, 
6, 113, 1, 1, 27.5952292447117, Accidental, 
6, 117, 1, 1, 23.8591423455833, Accidental, 
6, 122, 1, 1, 22.8342161547061, Accidental, 
6, 124, 1, 1, 25.7059250484482, Accidental, 
6, 128, 2, 2, 30.9622748836002, Accidental, 
6, 129, 2, 2, 28.4374389619456, Accidental, 
6, 130, 1, 1, 30.1057778607809, Accidental, 
6, 132, 1, 1, 28.7305256936947, Accidental, 
6, 133, 1, 1, 27.9681114148346, Accidental, 
6, 135, 1, 1, 27.9075402100964, Accidental, 
6, 135, 1, 1, 27.9075402100964, Lightning, 
6, 140, 1, 1, 32.4898191332173, Accidental, 
6, 150, 1, 1, 26.7598547218252, Accidental, 
6, 151, 2, 2, 28.5671203755562, Accidental, 
6, 152, 1, 1, 29.8237008207521, Accidental, 
6, 154, 2, 2, 34.2947890851957, Accidental, 
6, 156, 1, 1, 24.9264909816672, Accidental, 
6, 157, 1, 1, 20.7886578685782, Accidental, 
6, 170, 2, 2, 32.7046164647381, Accidental, 
6, 174, 1, 1, 30.4455431039178, Accidental, 
6, 175, 2, 2, 29.4185683633528, Accidental, 
6, 176, 1, 1, 28.6890825046367, Accidental, 
6, 177, 1, 1, 32.3986430292697, Accidental, 
6, 178, 2, 2, 35.4663205593953, Accidental, 
6, 180, 2, 2, 39.4730710239056, Accidental, 
6, 180, 2, 2, 39.4730710239056, Lightning, 
6, 181, 2, 2, 38.4090574823483, Accidental, 
6, 184, 2, 2, 36.9976455081685, Accidental, 
6, 186, 2, 2, 38.278547418176, Accidental, 
6, 188, 2, 2, 38.9548732580962, Accidental, 
6, 190, 2, 2, 38.6534680223409, Accidental, 
6, 191, 2, 2, 39.4345864944475, Accidental, 
6, 192, 2, 2, 40.630681336096, Accidental, 
6, 193, 2, 2, 40.4014964923595, Accidental, 
6, 194, 2, 2, 39.7702458676657, Accidental, 
6, 195, 1, 1, 37.8863025863893, Accidental, 
6, 196, 2, 2, 35.5414866995958, Accidental, 
6, 198, 1, 1, 37.860932015629, Accidental, 
6, 199, 2, 2, 40.8902442779961, Accidental, 
6, 199, 3, 3, 40.8902442779961, Lightning, 
6, 200, 2, 2, 40.8660314036421, Accidental, 
6, 200, 3, 3, 40.8660314036421, Lightning, 
6, 201, 2, 2, 35.9950381940073, Accidental, 
6, 204, 2, 2, 37.7306936729742, Accidental, 
6, 206, 1, 1, 35.0546336435827, Accidental, 
6, 207, 2, 2, 36.9523740581842, Accidental, 
6, 208, 2, 2, 39.7119086181019, Accidental, 
6, 209, 1, 1, 38.5324863750157, Accidental, 
6, 212, 1, 1, 33.0247426820952, Accidental, 
6, 213, 2, 2, 33.8758265551405, Accidental, 
6, 215, 2, 2, 40.1633159694619, Accidental, 
6, 217, 2, 2, 47.4067812865643, Accidental, 
6, 219, 1, 1, 29.9275839216546, Accidental, 
6, 222, 1, 1, 31.5444142512069, Accidental, 
6, 224, 2, 2, 35.0494320503158, Accidental, 
6, 226, 2, 2, 34.2950889003945, Accidental, 
6, 228, 1, 1, 32.4480979619437, Accidental, 
6, 230, 2, 2, 33.9222490087129, Accidental, 
6, 231, 1, 1, 33.075514526861, Accidental, 
6, 233, 2, 2, 35.5984396969655, Accidental, 
6, 237, 1, 1, 33.2388242371395, Lightning, 
6, 238, 3, 3, 41.588539799839, Accidental, 
6, 239, 2, 2, 43.548119441735, Accidental, 
6, 240, 4, 4, 48.6923081148732, Accidental, 
6, 242, 3, 3, 45.838081335531, Accidental, 
6, 243, 3, 3, 40.5602821559947, Accidental, 
6, 244, 2, 2, 36.6676432140814, Accidental, 
6, 245, 2, 2, 34.1339776705088, Accidental, 
6, 246, 2, 2, 36.2556263010705, Accidental, 
6, 247, 2, 2, 36.8939593556404, Accidental, 
6, 248, 2, 2, 35.7794406196939, Accidental, 
6, 249, 1, 1, 35.6408010628358, Accidental, 
6, 253, 2, 2, 34.827038779852, Accidental, 
6, 254, 2, 2, 38.1515828556849, Accidental, 
6, 257, 1, 1, 23.6819917216234, Accidental, 
6, 258, 1, 1, 26.3880948052506, Accidental, 
6, 260, 1, 1, 30.7450314992738, Accidental, 
6, 264, 2, 2, 42.7630959242247, Accidental, 
6, 265, 3, 3, 46.7940467832777, Accidental, 
6, 267, 2, 2, 42.2225003073709, Accidental, 
6, 268, 2, 2, 41.3211085048104, Accidental, 
6, 269, 3, 3, 44.1262680320973, Accidental, 
6, 270, 3, 3, 45.8718268458806, Accidental, 
6, 271, 3, 3, 49.5923459432491, Accidental, 
6, 272, 2, 2, 36.6361554933514, Accidental, 
6, 273, 3, 3, 45.6479625985546, Accidental, 
6, 274, 2, 2, 38.5826373393764, Accidental, 
6, 275, 2, 2, 42.5409635409944, Accidental, 
6, 288, 1, 1, 25.3701474074339, Accidental, 
6, 289, 1, 1, 29.5561716162923, Accidental, 
6, 290, 2, 2, 35.0082120686392, Accidental, 
6, 291, 2, 2, 34.1881038065214, Accidental, 
6, 294, 1, 1, 27.7388931968802, Accidental, 
6, 295, 1, 1, 31.8741736256957, Accidental, 
6, 296, 2, 2, 32.4953770453125, Accidental, 
6, 296, 1, 1, 32.4953770453125, Lightning, 
6, 297, 2, 2, 40.7093956269182, Accidental, 
6, 298, 2, 2, 43.1966541271406, Accidental, 
6, 299, 5, 5, 57.4059172441051, Accidental, 
6, 302, 1, 1, 35.1701587727373, Accidental, 
6, 303, 2, 2, 37.933644373085, Accidental, 
6, 305, 2, 2, 36.1892668645404, Accidental, 
6, 305, 1, 1, 36.1892668645404, Lightning, 
6, 306, 2, 2, 37.9490996448255, Accidental, 
6, 307, 2, 2, 38.3867486042749, Accidental, 
6, 308, 2, 2, 32.3419628806677, Accidental, 
6, 311, 1, 1, 21.7822660922573, Accidental, 
6, 314, 1, 1, 31.5112983307943, Accidental, 
6, 318, 1, 1, 27.4019196901622, Accidental, 
6, 319, 1, 1, 32.1976832981544, Lightning, 
6, 320, 2, 2, 36.8593702868785, Accidental, 
6, 328, 3, 3, 44.1199109860738, Accidental, 
6, 330, 2, 2, 42.753586479895, Accidental, 
6, 333, 1, 1, 32.6710500581584, Accidental, 
7, 50, 1, 1, 7.97729121752959, Accidental, 
7, 79, 1, 1, 10.2187563430039, Accidental, 
7, 83, 1, 1, 12.9179457241198, Accidental, 
7, 86, 1, 1, 14.9033270273099, Accidental, 
7, 95, 1, 1, 21.6090762410126, Accidental, 
7, 97, 1, 1, 16.8704804850513, Accidental, 
7, 99, 1, 1, 25.0101271548476, Accidental, 
7, 100, 1, 1, 28.4456309847748, Accidental, 
7, 102, 2, 2, 31.6927269985806, Accidental, 
7, 103, 2, 2, 30.6205845313597, Accidental, 
7, 104, 2, 2, 31.8621284730299, Accidental, 
7, 119, 1, 1, 22.6797326815205, Accidental, 
7, 126, 2, 2, 32.4742867952021, Accidental, 
7, 127, 1, 1, 30.4498476899089, Accidental, 
7, 129, 1, 1, 34.1179080002151, Accidental, 
7, 131, 1, 1, 22.7931971337206, Accidental, 
7, 132, 1, 1, 20.0791818096747, Accidental, 
7, 143, 1, 1, 21.6861681928817, Accidental, 
7, 145, 1, 1, 25.3757881186158, Accidental, 
7, 149, 1, 1, 25.4578871519916, Accidental, 
7, 152, 1, 1, 27.4222918475053, Accidental, 
7, 153, 2, 2, 30.2040608110478, Accidental, 
7, 155, 1, 1, 31.1126485190216, Accidental, 
7, 157, 1, 1, 31.3295705702954, Accidental, 
7, 159, 2, 2, 33.4461588106945, Accidental, 
7, 160, 2, 2, 32.4132331752038, Accidental, 
7, 163, 2, 2, 34.3720190014737, Accidental, 
7, 168, 1, 1, 20.9831396329685, Accidental, 
7, 169, 1, 1, 22.8635428720252, Accidental, 
7, 174, 1, 1, 32.4066059875037, Accidental, 
7, 178, 2, 2, 39.1318983827786, Accidental, 
7, 181, 1, 1, 27.3622008388898, Accidental, 
7, 186, 3, 3, 46.5557608361248, Accidental, 
7, 187, 2, 2, 42.7046901446111, Accidental, 
7, 188, 2, 2, 38.5046135345403, Accidental, 
7, 189, 2, 2, 36.2730225066946, Accidental, 
7, 189, 1, 1, 36.2730225066946, Lightning, 
7, 192, 1, 1, 27.3970017876665, Accidental, 
7, 195, 1, 1, 28.2527556408648, Accidental, 
7, 197, 2, 2, 28.4831238265715, Accidental, 
7, 198, 1, 1, 27.2498328988733, Accidental, 
7, 205, 2, 2, 36.0739236869752, Accidental, 
7, 207, 2, 2, 36.4525118901334, Accidental, 
7, 208, 2, 2, 37.6792413191689, Accidental, 
7, 209, 1, 1, 32.9957915842715, Accidental, 
7, 211, 1, 1, 31.2010526315001, Accidental, 
7, 212, 2, 2, 32.9070238243177, Accidental, 
7, 216, 2, 2, 37.2071565563662, Accidental, 
7, 217, 2, 2, 40.4437114367131, Accidental, 
7, 218, 3, 3, 43.43111200019, Accidental, 
7, 219, 2, 2, 41.1544369788856, Accidental, 
7, 219, 3, 3, 41.1544369788856, Lightning, 
7, 222, 1, 1, 30.5404469748056, Accidental, 
7, 223, 2, 2, 30.4207644858858, Accidental, 
7, 227, 2, 2, 27.206878020765, Accidental, 
7, 230, 1, 1, 26.8475447358821, Accidental, 
7, 232, 1, 1, 33.5647322904667, Accidental, 
7, 233, 1, 1, 31.3523468864467, Accidental, 
7, 238, 2, 2, 38.0715350029923, Accidental, 
7, 239, 1, 1, 35.2968602750326, Accidental, 
7, 241, 2, 2, 37.3401862233223, Accidental, 
7, 242, 1, 1, 36.7677875758771, Accidental, 
7, 243, 1, 1, 34.4528237726258, Accidental, 
7, 244, 1, 1, 29.2562461500036, Accidental, 
7, 245, 1, 1, 24.8817710858405, Accidental, 
7, 250, 1, 1, 34.2536873177602, Accidental, 
7, 253, 2, 2, 40.0197947072954, Accidental, 
7, 254, 2, 2, 38.4602581293499, Accidental, 
7, 255, 2, 2, 35.3712097518113, Accidental, 
7, 256, 2, 2, 35.1487256750083, Accidental, 
7, 260, 2, 2, 39.3402316864819, Accidental, 
7, 261, 1, 1, 36.4257702835078, Accidental, 
7, 262, 1, 1, 31.686917420495, Accidental, 
7, 262, 1, 1, 31.686917420495, Lightning, 
7, 269, 1, 1, 30.2264979310356, Accidental, 
7, 269, 1, 1, 30.2264979310356, Lightning, 
7, 270, 1, 1, 33.6202846046735, Accidental, 
7, 271, 2, 2, 34.6693651568981, Accidental, 
7, 275, 1, 1, 23.3940448084233, Accidental, 
7, 286, 1, 1, 16.7704633900491, Accidental, 
7, 287, 2, 2, 39.3652851759871, Accidental, 
7, 288, 2, 2, 41.4340331484396, Accidental, 
7, 291, 2, 2, 41.6875355958392, Accidental, 
7, 297, 1, 1, 24.8328464801922, Accidental, 
7, 298, 1, 1, 29.2567557488679, Accidental, 
7, 299, 1, 1, 29.7831604756978, Accidental, 
7, 301, 2, 2, 30.1636587081754, Accidental, 
7, 303, 2, 2, 35.539070878783, Accidental, 
7, 304, 2, 2, 36.683477394127, Accidental, 
7, 309, 1, 1, 26.7998877794002, Accidental, 
7, 311, 1, 1, 35.6860578969706, Accidental, 
7, 312, 3, 3, 51.2550497358807, Accidental, 
7, 314, 3, 3, 43.6977498050163, Accidental, 
7, 315, 5, 5, 56.0481432553749, Accidental, 
7, 315, 38, 38, 56.0481432553749, Lightning, 
7, 316, 5, 5, 57.6593741555291, Accidental, 
7, 317, 4, 4, 52.5046083103172, Accidental, 
7, 318, 2, 2, 43.1331420443905, Accidental, 
7, 319, 2, 2, 35.9843756572101, Accidental, 
7, 323, 1, 1, 25.6361801008653, Accidental, 
7, 329, 1, 1, 22.6895191405652, Accidental, 
7, 330, 1, 1, 24.4007761324045, Accidental, 
7, 332, 1, 1, 27.2593733169573, Accidental, 
8, 52, 1, 1, 13.4574154001988, Accidental, 
8, 65, 1, 1, 11.1858655545097, Accidental, 
8, 68, 1, 1, 16.4029918688714, Lightning, 
8, 70, 1, 1, 18.3579287029064, Accidental, 
8, 71, 1, 1, 15.0846969230635, Accidental, 
8, 89, 1, 1, 17.8406186599953, Accidental, 
8, 96, 1, 1, 26.7067166558763, Accidental, 
8, 99, 1, 1, 33.469701007754, Accidental, 
8, 100, 1, 1, 34.9877466473421, Accidental, 
8, 101, 2, 2, 33.2866877525555, Accidental, 
8, 106, 1, 1, 26.1046673027905, Accidental, 
8, 114, 1, 1, 25.9496243365798, Accidental, 
8, 119, 7, 7, 65.159338991138, Accidental, 
8, 120, 5, 5, 61.0915269171361, Accidental, 
8, 121, 2, 2, 43.2706355356776, Accidental, 
8, 123, 2, 2, 42.6156508507189, Accidental, 
8, 124, 2, 2, 36.6673366180056, Accidental, 
8, 126, 1, 1, 26.9484498850589, Accidental, 
8, 128, 1, 1, 22.2434992577891, Accidental, 
8, 130, 1, 1, 34.6207624160281, Accidental, 
8, 131, 2, 2, 43.2812324812729, Accidental, 
8, 133, 6, 6, 62.1822984730855, Accidental, 
8, 135, 3, 3, 48.6764681002282, Accidental, 
8, 136, 3, 3, 47.9800841912842, Accidental, 
8, 137, 3, 3, 42.6913505740331, Accidental, 
8, 138, 1, 1, 37.1991622467288, Accidental, 
8, 147, 2, 2, 30.6635477239146, Accidental, 
8, 149, 2, 2, 32.0801363442323, Accidental, 
8, 150, 2, 2, 37.6738429088363, Accidental, 
8, 152, 3, 3, 42.2154583990914, Accidental, 
8, 153, 2, 2, 43.4959056289949, Accidental, 
8, 154, 2, 2, 43.3447988856209, Accidental, 
8, 155, 2, 2, 43.5214101992582, Accidental, 
8, 157, 2, 2, 36.7722546814097, Lightning, 
8, 158, 2, 2, 33.1102888013485, Accidental, 
8, 159, 1, 1, 33.9374580246493, Accidental, 
8, 160, 2, 2, 32.0427946628519, Accidental, 
8, 161, 1, 1, 35.887063968162, Accidental, 
8, 162, 2, 2, 35.6384313017834, Accidental, 
8, 163, 2, 2, 39.1585961077271, Accidental, 
8, 165, 2, 2, 37.7414424213437, Accidental, 
8, 167, 2, 2, 40.240545520011, Accidental, 
8, 167, 3, 3, 40.240545520011, Lightning, 
8, 168, 1, 1, 32.8354104404523, Accidental, 
8, 169, 1, 1, 29.460129882224, Accidental, 
8, 172, 2, 2, 37.5280340909126, Accidental, 
8, 179, 1, 1, 30.2451238828903, Lightning, 
8, 182, 1, 1, 33.1213917424112, Accidental, 
8, 183, 1, 1, 34.3977021941962, Accidental, 
8, 184, 2, 2, 34.1111882387073, Accidental, 
8, 185, 1, 1, 30.9455725788846, Accidental, 
8, 186, 1, 1, 30.2342036829891, Accidental, 
8, 187, 1, 1, 31.7194193238191, Accidental, 
8, 188, 1, 1, 31.7631575642797, Accidental, 
8, 190, 1, 1, 30.4936172763866, Accidental, 
8, 193, 1, 1, 29.9395045323015, Accidental, 
8, 198, 1, 1, 25.9591668840978, Accidental, 
8, 206, 1, 1, 32.0017043406138, Accidental, 
8, 210, 2, 2, 30.8662660938602, Accidental, 
8, 211, 1, 1, 32.0154060460893, Accidental, 
8, 215, 1, 1, 19.7742859985019, Accidental, 
8, 217, 1, 1, 26.6214414789494, Accidental, 
8, 219, 1, 1, 25.7257868465304, Accidental, 
8, 220, 1, 1, 25.6951404049794, Accidental, 
8, 223, 1, 1, 26.5231183094501, Accidental, 
8, 224, 1, 1, 23.6196873378335, Accidental, 
8, 226, 1, 1, 27.8229384857547, Accidental, 
8, 227, 1, 1, 28.8652695926789, Accidental, 
8, 230, 1, 1, 32.9271359565474, Accidental, 
8, 233, 1, 1, 25.4001389151552, Accidental, 
8, 235, 1, 1, 31.2723050521796, Accidental, 
8, 236, 2, 2, 33.0554344127515, Accidental, 
8, 238, 1, 1, 33.2917685522598, Accidental, 
8, 239, 2, 2, 33.7497563991112, Accidental, 
8, 242, 1, 1, 35.8174836234721, Accidental, 
8, 243, 2, 2, 35.236086478935, Accidental, 
8, 252, 1, 1, 27.0412024292264, Accidental, 
8, 254, 1, 1, 28.6914968856023, Accidental, 
8, 257, 1, 1, 33.0791713142279, Accidental, 
8, 265, 1, 1, 28.2197564865228, Accidental, 
8, 267, 1, 1, 34.0032896917755, Accidental, 
8, 268, 1, 1, 27.6228484276774, Accidental, 
8, 269, 1, 1, 29.1777300137433, Lightning, 
8, 270, 1, 1, 27.0227648289993, Accidental, 
8, 272, 1, 1, 22.9694636190868, Accidental, 
8, 274, 2, 2, 35.0130264566497, Accidental, 
8, 275, 3, 3, 47.2134940623645, Accidental, 
8, 276, 3, 3, 47.7890658979024, Accidental, 
8, 277, 3, 3, 43.7065166084001, Accidental, 
8, 278, 2, 2, 41.6543971167834, Accidental, 
8, 279, 2, 2, 40.4659157181217, Accidental, 
8, 282, 1, 1, 30.7009059225582, Accidental, 
8, 284, 1, 1, 28.9083470838606, Accidental, 
8, 286, 1, 1, 32.0128552693074, Accidental, 
8, 287, 1, 1, 28.4131483060123, Accidental, 
8, 289, 1, 1, 25.1424222671941, Accidental, 
8, 293, 1, 1, 24.5311441447286, Accidental, 
8, 296, 2, 2, 33.0962887151006, Accidental, 
8, 303, 1, 1, 23.4790591654943, Accidental, 
8, 308, 3, 3, 48.8459470706128, Accidental, 
8, 309, 3, 3, 43.2404705156251, Accidental, 
8, 313, 1, 1, 31.3987133900737, Accidental, 
8, 320, 3, 3, 45.5734870403585, Accidental, 
8, 322, 1, 1, 35.3177202758984, Accidental, 
8, 323, 1, 1, 28.4352963788464, Accidental, 
8, 326, 1, 1, 28.3023221426722, Accidental, 
8, 327, 2, 2, 39.0651973536389, Accidental, 
8, 328, 2, 2, 44.0189761733305, Accidental, 
8, 330, 2, 2, 42.1649866029238, Accidental, 
8, 331, 2, 2, 38.7213822028662, Accidental, 
8, 332, 2, 2, 39.3045195630749, Accidental, 
8, 333, 1, 1, 30.7518645104623, Accidental, 
8, 337, 1, 1, 0, Accidental, 
9, 65, 1, 1, 5.12039214953672, Accidental, 
9, 81, 1, 1, 16.8567788243504, Accidental, 
9, 85, 1, 1, 19.4799315846613, Accidental, 
9, 86, 1, 1, 17.9503327478347, Accidental, 
9, 97, 1, 1, 17.2535196375779, Accidental, 
9, 128, 1, 1, 28.1562172243518, Accidental, 
9, 130, 1, 1, 23.7411047747816, Accidental, 
9, 134, 1, 1, 19.3881370114681, Accidental, 
9, 141, 1, 1, 28.922789706363, Accidental, 
9, 149, 1, 1, 26.9150348821436, Accidental, 
9, 150, 1, 1, 28.3376724742966, Accidental, 
9, 152, 1, 1, 20.143545786587, Accidental, 
9, 159, 1, 1, 25.8277574066759, Accidental, 
9, 167, 1, 1, 28.5142897370796, Accidental, 
9, 169, 1, 1, 33.4677490654296, Accidental, 
9, 170, 2, 2, 31.9992659835684, Accidental, 
9, 175, 1, 1, 34.5458131022983, Accidental, 
9, 176, 1, 1, 27.661179386317, Accidental, 
9, 178, 1, 1, 26.5398230065209, Accidental, 
9, 179, 1, 1, 25.7002202897211, Accidental, 
9, 181, 1, 1, 32.144805226797, Accidental, 
9, 182, 2, 2, 34.7562521826301, Accidental, 
9, 183, 2, 2, 34.8355664076883, Accidental, 
9, 187, 1, 1, 25.5937341132673, Accidental, 
9, 190, 1, 1, 30.5573658154095, Accidental, 
9, 191, 1, 1, 30.3205752618828, Accidental, 
9, 193, 2, 2, 34.3198741581306, Accidental, 
9, 195, 1, 1, 31.1325112598871, Accidental, 
9, 196, 2, 2, 33.6538002911568, Accidental, 
9, 197, 1, 1, 32.271121524468, Accidental, 
9, 199, 1, 1, 33.3518033873518, Accidental, 
9, 203, 2, 2, 29.622055671262, Accidental, 
9, 204, 1, 1, 30.620479016508, Accidental, 
9, 207, 2, 2, 32.0804460762259, Accidental, 
9, 213, 1, 1, 31.7173397414923, Accidental, 
9, 215, 1, 1, 33.9790318494154, Accidental, 
9, 219, 1, 1, 33.7084691749621, Lightning, 
9, 221, 1, 1, 33.4481958196587, Accidental, 
9, 222, 1, 1, 34.8793359166419, Accidental, 
9, 228, 1, 1, 31.4856571308056, Accidental, 
9, 232, 2, 2, 36.5543122400381, Accidental, 
9, 233, 2, 2, 34.900030033173, Accidental, 
9, 234, 1, 1, 32.0726659738203, Accidental, 
9, 235, 2, 2, 37.4461045173692, Accidental, 
9, 236, 2, 2, 37.7938757004247, Accidental, 
9, 237, 2, 2, 36.58390793012, Accidental, 
9, 239, 2, 2, 39.7853361328595, Accidental, 
9, 240, 1, 1, 30.2899902787441, Accidental, 
9, 241, 1, 1, 24.9906313759169, Accidental, 
9, 244, 2, 2, 31.4600547851881, Accidental, 
9, 246, 2, 2, 40.4972829324792, Accidental, 
9, 247, 2, 2, 42.0386888701056, Accidental, 
9, 254, 1, 1, 32.0491140714834, Accidental, 
9, 255, 1, 1, 34.2155541822164, Accidental, 
9, 256, 1, 1, 34.972401717807, Accidental, 
9, 258, 1, 1, 31.1506283203652, Accidental, 
9, 261, 2, 2, 35.1172449255752, Accidental, 
9, 266, 1, 1, 28.2524648629768, Accidental, 
9, 267, 2, 2, 36.8976060868151, Accidental, 
9, 268, 2, 2, 40.5718768949917, Accidental, 
9, 272, 1, 1, 28.5645113929192, Accidental, 
9, 273, 1, 1, 26.3342759060035, Accidental, 
9, 276, 1, 1, 23.7849841036506, Accidental, 
9, 281, 1, 1, 26.0222988428144, Accidental, 
9, 282, 1, 1, 31.9809281323443, Accidental, 
9, 289, 1, 1, 20.3145228013575, Accidental, 
9, 297, 1, 1, 18.6441369145174, Accidental, 
9, 299, 2, 2, 32.2577011142868, Accidental, 
9, 304, 2, 2, 31.3639506095721, Accidental, 
9, 306, 2, 2, 43.1554742584773, Accidental, 
9, 307, 2, 2, 40.2560556827828, Accidental, 
9, 316, 2, 2, 40.1284308779951, Accidental, 
10, 26, 1, 1, 0, Accidental, 
10, 33, 1, 1, 3.80568461180306, Accidental, 
10, 65, 1, 1, 11.1858655545097, Accidental, 
10, 76, 1, 1, 23.5712083141983, Accidental, 
10, 78, 1, 1, 16.8381165503882, Accidental, 
10, 89, 1, 1, 17.8406186599953, Accidental, 
10, 94, 1, 1, 18.084878706272, Accidental, 
10, 98, 2, 2, 31.4305126554343, Accidental, 
10, 100, 2, 2, 34.9877466473421, Accidental, 
10, 101, 1, 1, 33.2866877525555, Accidental, 
10, 103, 1, 1, 25.5141310853205, Accidental, 
10, 105, 1, 1, 26.5035873520131, Accidental, 
10, 108, 1, 1, 20.2471649600367, Accidental, 
10, 111, 1, 1, 26.5869167409462, Lightning, 
10, 112, 1, 1, 27.105327821999, Accidental, 
10, 113, 1, 1, 23.8216784405726, Accidental, 
10, 119, 7, 7, 65.159338991138, Accidental, 
10, 120, 5, 5, 61.0915269171361, Accidental, 
10, 121, 3, 3, 43.2706355356776, Accidental, 
10, 122, 2, 2, 43.2078658671267, Accidental, 
10, 124, 2, 2, 36.6673366180056, Accidental, 
10, 128, 1, 1, 22.2434992577891, Accidental, 
10, 131, 2, 2, 43.2812324812729, Accidental, 
10, 132, 3, 3, 50.1813985309058, Accidental, 
10, 133, 6, 6, 62.1822984730855, Accidental, 
10, 135, 3, 3, 48.6764681002282, Accidental, 
10, 136, 3, 3, 47.9800841912842, Accidental, 
10, 137, 2, 2, 42.6913505740331, Accidental, 
10, 140, 1, 1, 26.4194846759513, Accidental, 
10, 144, 1, 1, 22.4038756584597, Accidental, 
10, 149, 2, 2, 32.0801363442323, Accidental, 
10, 151, 2, 2, 39.8631404202208, Accidental, 
10, 152, 2, 2, 42.2154583990914, Accidental, 
10, 153, 2, 2, 43.4959056289949, Accidental, 
10, 155, 2, 2, 43.5214101992582, Accidental, 
10, 157, 2, 2, 36.7722546814097, Lightning, 
10, 159, 1, 1, 33.9374580246493, Accidental, 
10, 162, 2, 2, 35.6384313017834, Accidental, 
10, 163, 2, 2, 39.1585961077271, Accidental, 
10, 164, 2, 2, 36.5805850315455, Accidental, 
10, 165, 2, 2, 37.7414424213437, Accidental, 
10, 167, 2, 2, 40.240545520011, Accidental, 
10, 168, 2, 2, 32.8354104404523, Accidental, 
10, 169, 1, 1, 29.460129882224, Accidental, 
10, 171, 1, 1, 36.74705279091, Accidental, 
10, 173, 1, 1, 35.6163807663215, Accidental, 
10, 174, 2, 2, 35.3586937260075, Accidental, 
10, 175, 2, 2, 35.4383657848687, Accidental, 
10, 177, 2, 2, 35.7890374870278, Accidental, 
10, 177, 1, 1, 35.7890374870278, Lightning, 
10, 181, 1, 1, 32.1859051965259, Accidental, 
10, 185, 1, 1, 30.9455725788846, Accidental, 
10, 187, 2, 2, 31.7194193238191, Accidental, 
10, 188, 1, 1, 31.7631575642797, Accidental, 
10, 189, 2, 2, 32.351364229658, Accidental, 
10, 193, 1, 1, 29.9395045323015, Accidental, 
10, 201, 1, 1, 24.9409782811774, Accidental, 
10, 203, 1, 1, 35.6418064940694, Accidental, 
10, 204, 2, 2, 38.700384968644, Accidental, 
10, 207, 2, 2, 29.8615191055863, Accidental, 
10, 208, 1, 1, 27.2468549953656, Accidental, 
10, 209, 1, 1, 29.0151972018375, Accidental, 
10, 210, 1, 1, 30.8662660938602, Lightning, 
10, 216, 1, 1, 24.191023573919, Accidental, 
10, 219, 1, 1, 25.7257868465304, Accidental, 
10, 221, 1, 1, 25.5433347464308, Accidental, 
10, 224, 1, 1, 23.6196873378335, Accidental, 
10, 226, 1, 1, 27.8229384857547, Accidental, 
10, 227, 1, 1, 28.8652695926789, Accidental, 
10, 232, 1, 1, 24.6457174656689, Accidental, 
10, 233, 1, 1, 25.4001389151552, Accidental, 
10, 237, 1, 1, 31.6694424640956, Accidental, 
10, 238, 1, 1, 33.2917685522598, Accidental, 
10, 245, 1, 1, 35.4710306384742, Accidental, 
10, 245, 1, 1, 35.4710306384742, Lightning, 
10, 247, 2, 2, 32.7793017502775, Accidental, 
10, 249, 2, 2, 33.1644844841482, Accidental, 
10, 251, 1, 1, 27.7505146090151, Accidental, 
10, 255, 1, 1, 31.6851084570789, Accidental, 
10, 256, 2, 2, 32.1825568463998, Accidental, 
10, 257, 2, 2, 33.0791713142279, Accidental, 
10, 261, 1, 1, 24.4149895365822, Accidental, 
10, 266, 2, 2, 30.8619183432274, Accidental, 
10, 267, 1, 1, 34.0032896917755, Accidental, 
10, 269, 1, 1, 29.1777300137433, Lightning, 
10, 270, 1, 1, 27.0227648289993, Accidental, 
10, 270, 1, 1, 27.0227648289993, Lightning, 
10, 273, 1, 1, 26.1665000622072, Accidental, 
10, 274, 1, 1, 35.0130264566497, Accidental, 
10, 275, 3, 3, 47.2134940623645, Accidental, 
10, 276, 3, 3, 47.7890658979024, Accidental, 
10, 281, 2, 2, 32.2287352976533, Accidental, 
10, 286, 1, 1, 32.0128552693074, Accidental, 
10, 289, 1, 1, 25.1424222671941, Accidental, 
10, 292, 1, 1, 22.6341548901414, Accidental, 
10, 296, 2, 2, 33.0962887151006, Accidental, 
10, 299, 1, 1, 22.2739535227808, Accidental, 
10, 301, 1, 1, 25.7558342086098, Accidental, 
10, 302, 1, 1, 25.9107558909512, Accidental, 
10, 306, 1, 1, 20.995612650941, Lightning, 
10, 307, 2, 2, 39.4603722516404, Accidental, 
10, 308, 3, 3, 48.8459470706128, Accidental, 
10, 309, 2, 2, 43.2404705156251, Accidental, 
10, 310, 2, 2, 39.8693833973252, Accidental, 
10, 314, 1, 1, 24.9017983204984, Accidental, 
10, 318, 1, 1, 23.2101388021625, Accidental, 
10, 319, 1, 1, 29.983908232776, Accidental, 
10, 320, 2, 2, 45.5734870403585, Accidental, 
10, 321, 3, 3, 42.4648188239729, Accidental, 
10, 322, 2, 2, 35.3177202758984, Accidental, 
10, 323, 2, 2, 28.4352963788464, Accidental, 
10, 326, 1, 1, 28.3023221426722, Accidental, 
10, 327, 2, 2, 39.0651973536389, Accidental, 
10, 328, 3, 3, 44.0189761733305, Accidental, 
10, 330, 2, 2, 42.1649866029238, Accidental, 
10, 331, 2, 2, 38.7213822028662, Accidental, 
10, 332, 2, 2, 39.3045195630749, Accidental, 
11, 43, 1, 1, 11.2681236139501, Accidental, 
11, 48, 1, 1, 12.0721089533117, Accidental, 
11, 51, 1, 1, 12.4992344824597, Accidental, 
11, 69, 1, 1, 16.4407846631687, Accidental, 
11, 73, 1, 1, 21.8482886395433, Accidental, 
11, 90, 1, 1, 20.5817616833671, Accidental, 
11, 98, 2, 2, 31.4305126554343, Accidental, 
11, 101, 1, 1, 33.2866877525555, Accidental, 
11, 105, 1, 1, 26.5035873520131, Accidental, 
11, 118, 3, 3, 45.1756117736405, Accidental, 
11, 119, 7, 7, 65.159338991138, Accidental, 
11, 120, 6, 6, 61.0915269171361, Accidental, 
11, 122, 2, 2, 43.2078658671267, Accidental, 
11, 123, 2, 2, 42.6156508507189, Accidental, 
11, 125, 1, 1, 32.3225534656121, Accidental, 
11, 126, 1, 1, 26.9484498850589, Accidental, 
11, 128, 1, 1, 22.2434992577891, Accidental, 
11, 131, 3, 3, 43.2812324812729, Accidental, 
11, 132, 3, 3, 50.1813985309058, Accidental, 
11, 133, 6, 6, 62.1822984730855, Accidental, 
11, 134, 3, 3, 47.7299789005668, Accidental, 
11, 135, 3, 3, 48.6764681002282, Accidental, 
11, 136, 3, 3, 47.9800841912842, Accidental, 
11, 148, 1, 1, 29.6287744117556, Accidental, 
11, 150, 1, 1, 37.6738429088363, Accidental, 
11, 151, 2, 2, 39.8631404202208, Accidental, 
11, 153, 2, 2, 43.4959056289949, Accidental, 
11, 154, 3, 3, 43.3447988856209, Accidental, 
11, 156, 2, 2, 40.5438785613887, Accidental, 
11, 157, 2, 2, 36.7722546814097, Accidental, 
11, 160, 1, 1, 32.0427946628519, Accidental, 
11, 162, 1, 1, 35.6384313017834, Lightning, 
11, 163, 2, 2, 39.1585961077271, Accidental, 
11, 164, 2, 2, 36.5805850315455, Accidental, 
11, 164, 2, 2, 36.5805850315455, Lightning, 
11, 165, 2, 2, 37.7414424213437, Accidental, 
11, 166, 2, 2, 41.7974808088935, Accidental, 
11, 167, 2, 2, 40.240545520011, Accidental, 
11, 169, 1, 1, 29.460129882224, Accidental, 
11, 170, 2, 2, 32.2732559122731, Accidental, 
11, 177, 2, 2, 35.7890374870278, Accidental, 
11, 178, 1, 1, 31.2083887615357, Accidental, 
11, 179, 1, 1, 30.2451238828903, Accidental, 
11, 182, 2, 2, 33.1213917424112, Accidental, 
11, 184, 1, 1, 34.1111882387073, Accidental, 
11, 187, 1, 1, 31.7194193238191, Accidental, 
11, 189, 1, 1, 32.351364229658, Accidental, 
11, 195, 1, 1, 22.1680704438053, Accidental, 
11, 199, 1, 1, 24.5765007448359, Accidental, 
11, 204, 2, 2, 38.700384968644, Accidental, 
11, 206, 1, 1, 32.0017043406138, Accidental, 
11, 210, 2, 2, 30.8662660938602, Accidental, 
11, 212, 1, 1, 31.5520716197264, Accidental, 
11, 214, 1, 1, 20.3173650425532, Accidental, 
11, 217, 1, 1, 26.6214414789494, Lightning, 
11, 224, 1, 1, 23.6196873378335, Accidental, 
11, 226, 1, 1, 27.8229384857547, Accidental, 
11, 227, 2, 2, 28.8652695926789, Accidental, 
11, 230, 2, 2, 32.9271359565474, Accidental, 
11, 234, 1, 1, 30.1169249489806, Accidental, 
11, 236, 2, 2, 33.0554344127515, Accidental, 
11, 237, 2, 2, 31.6694424640956, Accidental, 
11, 239, 1, 1, 33.7497563991112, Accidental, 
11, 240, 2, 2, 34.8690212423119, Accidental, 
11, 240, 1, 1, 34.8690212423119, Lightning, 
11, 241, 1, 1, 33.8501762728016, Accidental, 
11, 242, 2, 2, 35.8174836234721, Accidental, 
11, 243, 1, 1, 35.236086478935, Accidental, 
11, 256, 2, 2, 32.1825568463998, Accidental, 
11, 257, 1, 1, 33.0791713142279, Accidental, 
11, 258, 2, 2, 36.3361485557035, Accidental, 
11, 259, 1, 1, 28.9674781801357, Accidental, 
11, 265, 2, 2, 28.2197564865228, Accidental, 
11, 269, 1, 1, 29.1777300137433, Accidental, 
11, 270, 1, 1, 27.0227648289993, Accidental, 
11, 272, 1, 1, 22.9694636190868, Accidental, 
11, 275, 3, 3, 47.2134940623645, Accidental, 
11, 276, 3, 3, 47.7890658979024, Accidental, 
11, 277, 3, 3, 43.7065166084001, Accidental, 
11, 279, 2, 2, 40.4659157181217, Accidental, 
11, 280, 1, 1, 34.0685292859065, Accidental, 
11, 283, 1, 1, 28.4927341636307, Accidental, 
11, 284, 1, 1, 28.9083470838606, Accidental, 
11, 285, 2, 2, 35.6445853523819, Accidental, 
11, 286, 1, 1, 32.0128552693074, Accidental, 
11, 288, 1, 1, 24.6884139248928, Accidental, 
11, 289, 1, 1, 25.1424222671941, Accidental, 
11, 294, 1, 1, 27.3520770229248, Accidental, 
11, 295, 1, 1, 29.6448967364584, Accidental, 
11, 302, 1, 1, 25.9107558909512, Accidental, 
11, 303, 1, 1, 23.4790591654943, Accidental, 
11, 308, 3, 3, 48.8459470706128, Accidental, 
11, 309, 3, 3, 43.2404705156251, Accidental, 
11, 313, 2, 2, 31.3987133900737, Accidental, 
11, 316, 1, 1, 21.5633612717565, Accidental, 
11, 319, 2, 2, 29.983908232776, Accidental, 
11, 320, 2, 2, 45.5734870403585, Accidental, 
11, 321, 3, 3, 42.4648188239729, Accidental, 
11, 322, 1, 1, 35.3177202758984, Accidental, 
11, 323, 1, 1, 28.4352963788464, Accidental, 
11, 326, 2, 2, 28.3023221426722, Accidental, 
11, 327, 2, 2, 39.0651973536389, Lightning, 
11, 329, 3, 3, 43.2250257859663, Accidental, 
11, 330, 2, 2, 42.1649866029238, Accidental, 
11, 331, 2, 2, 38.7213822028662, Accidental, 
11, 332, 2, 2, 39.3045195630749, Accidental, 
11, 333, 1, 1, 30.7518645104623, Accidental, 
12, 8, 1, 1, 0, Accidental, 
12, 49, 1, 1, 8.85350319565103, Accidental, 
12, 54, 1, 1, 13.1714193520364, Accidental, 
12, 55, 1, 1, 12.5091848808249, Accidental, 
12, 74, 1, 1, 13.0441772802744, Accidental, 
12, 78, 1, 1, 8.07483987013829, Accidental, 
12, 85, 1, 1, 9.66129352234845, Accidental, 
12, 86, 1, 1, 11.847731768015, Accidental, 
12, 89, 1, 1, 14.9125343681838, Accidental, 
12, 98, 1, 1, 27.2031485399261, Accidental, 
12, 113, 1, 1, 18.8921929973143, Accidental, 
12, 114, 1, 1, 20.6476968981206, Accidental, 
12, 126, 1, 1, 28.3582400252734, Lightning, 
12, 128, 1, 1, 32.1085037614821, Accidental, 
12, 130, 1, 1, 32.4712885139608, Accidental, 
12, 131, 1, 1, 30.3034418700377, Accidental, 
12, 132, 1, 1, 31.6695153408366, Accidental, 
12, 133, 1, 1, 33.623455867036, Lightning, 
12, 137, 2, 2, 37.1623043569323, Accidental, 
12, 140, 1, 1, 32.8752994561711, Accidental, 
12, 141, 1, 1, 36.4455540059313, Accidental, 
12, 142, 2, 2, 40.6382651054974, Accidental, 
12, 143, 2, 2, 33.2110102849527, Accidental, 
12, 145, 2, 2, 31.8252204592794, Accidental, 
12, 149, 1, 1, 29.7644100698237, Accidental, 
12, 150, 2, 2, 32.6234739790207, Accidental, 
12, 151, 1, 1, 34.266450247541, Accidental, 
12, 152, 1, 1, 35.085587459834, Accidental, 
12, 153, 1, 1, 29.5562530123214, Accidental, 
12, 153, 1, 1, 29.5562530123214, Lightning, 
12, 155, 1, 1, 28.2088786903114, Accidental, 
12, 159, 1, 1, 34.24281591424, Accidental, 
12, 160, 1, 1, 33.2424660175195, Accidental, 
12, 165, 1, 1, 26.146821094081, Accidental, 
12, 169, 3, 3, 46.2212765796049, Accidental, 
12, 170, 2, 2, 37.5541171914328, Accidental, 
12, 171, 2, 2, 36.0050928067419, Accidental, 
12, 172, 2, 2, 38.1257515523649, Accidental, 
12, 174, 2, 2, 33.5541155369979, Accidental, 
12, 175, 2, 2, 32.9787586202873, Accidental, 
12, 178, 1, 1, 35.3055771604733, Accidental, 
12, 178, 1, 1, 35.3055771604733, Lightning, 
12, 179, 1, 1, 36.2125650783739, Accidental, 
12, 185, 1, 1, 26.1985087500138, Accidental, 
12, 186, 1, 1, 25.1108830478712, Accidental, 
12, 187, 2, 2, 29.1059452800526, Accidental, 
12, 190, 1, 1, 36.5767202781199, Accidental, 
12, 191, 2, 2, 37.6501937424205, Accidental, 
12, 192, 1, 1, 36.8377699233141, Accidental, 
12, 195, 1, 1, 28.5557530265659, Accidental, 
12, 198, 1, 1, 27.3651841459357, Accidental, 
12, 199, 1, 1, 30.0892927825813, Accidental, 
12, 200, 2, 2, 29.52149824331, Accidental, 
12, 201, 2, 2, 30.2502550914123, Accidental, 
12, 202, 1, 1, 30.2144644263353, Accidental, 
12, 204, 1, 1, 35.2474287055859, Accidental, 
12, 205, 1, 1, 37.9098745782394, Accidental, 
12, 207, 2, 2, 39.5415207795165, Accidental, 
12, 208, 3, 3, 40.7919664449857, Accidental, 
12, 208, 3, 3, 40.7919664449857, Lightning, 
12, 212, 2, 2, 29.024652936636, Accidental, 
12, 215, 2, 2, 30.108143067188, Accidental, 
12, 217, 1, 1, 31.5179129681578, Accidental, 
12, 218, 1, 1, 31.4132563395036, Lightning, 
12, 222, 1, 1, 34.8513842307743, Accidental, 
12, 225, 2, 2, 36.4737298378366, Accidental, 
12, 231, 1, 1, 26.5939029819929, Lightning, 
12, 232, 1, 1, 28.0151046368819, Accidental, 
12, 238, 1, 1, 29.155112373203, Accidental, 
12, 240, 2, 2, 33.9013910361264, Accidental, 
12, 241, 1, 1, 31.9059556014294, Accidental, 
12, 245, 2, 2, 40.425375952767, Accidental, 
12, 248, 1, 1, 33.6673644276439, Accidental, 
12, 249, 1, 1, 29.0323087111456, Accidental, 
12, 252, 1, 1, 28.0899248226257, Accidental, 
12, 254, 1, 1, 21.0627041639059, Accidental, 
12, 255, 1, 1, 26.9546589131731, Accidental, 
12, 256, 2, 2, 38.5191200730619, Accidental, 
12, 257, 2, 2, 39.3625356635624, Accidental, 
12, 260, 2, 2, 36.5764862651185, Accidental, 
12, 261, 2, 2, 35.2690948098446, Accidental, 
12, 262, 1, 1, 34.2838202879477, Accidental, 
12, 264, 1, 1, 35.9883437887451, Accidental, 
12, 265, 2, 2, 39.8847511416002, Accidental, 
12, 266, 2, 2, 42.8318518356894, Accidental, 
12, 267, 2, 2, 36.8266988727525, Accidental, 
12, 269, 1, 1, 28.5963589563547, Accidental, 
12, 271, 1, 1, 30.395393461937, Accidental, 
12, 272, 2, 2, 34.8947206720133, Accidental, 
12, 274, 3, 3, 43.8002668036279, Accidental, 
12, 276, 2, 2, 44.3004565154262, Accidental, 
12, 278, 2, 2, 34.241064015953, Accidental, 
12, 279, 1, 1, 29.3311472645419, Accidental, 
12, 282, 1, 1, 24.8660328893751, Accidental, 
12, 287, 1, 1, 29.6087139819153, Accidental, 
12, 289, 2, 2, 34.0814185975892, Accidental, 
12, 291, 1, 1, 26.5051451522621, Accidental, 
12, 292, 1, 1, 25.9639114128917, Accidental, 
12, 296, 1, 1, 24.7597400983496, Accidental, 
12, 297, 1, 1, 29.207399302992, Accidental, 
12, 299, 3, 3, 46.8670966582973, Accidental, 
12, 301, 2, 2, 35.628016682172, Accidental, 
12, 303, 2, 2, 35.5738525794233, Accidental, 
12, 304, 1, 1, 33.412499317463, Lightning, 
12, 305, 1, 1, 28.1290522869765, Accidental, 
12, 306, 1, 1, 27.0601607873326, Accidental, 
12, 307, 2, 2, 33.3928922302533, Accidental, 
12, 308, 3, 3, 46.9274544052921, Accidental, 
12, 308, 8, 8, 46.9274544052921, Lightning, 
12, 312, 1, 1, 28.934053461391, Accidental, 
12, 312, 1, 1, 28.934053461391, Lightning, 
12, 316, 1, 1, 38.9657305495302, Accidental, 
12, 317, 2, 2, 35.4647376196709, Accidental, 
12, 318, 2, 2, 34.4597826319796, Accidental, 
12, 319, 1, 1, 29.7469905558584, Accidental, 
12, 327, 1, 1, 29.3970780587782, Accidental, 
12, 333, 1, 1, 19.2546048948328, Accidental, 
12, 343, 1, 1, 0, Accidental, 
13, 76, 1, 1, 12.9185020138563, Accidental, 
13, 86, 1, 1, 16.0649183649052, Accidental, 
13, 87, 1, 1, 12.8212794311328, Accidental, 
13, 133, 1, 1, 20.4221543525397, Accidental, 
13, 135, 1, 1, 28.2636385698314, Accidental, 
13, 140, 1, 1, 23.0240976093654, Accidental, 
13, 146, 2, 2, 28.5221869293618, Accidental, 
13, 149, 1, 1, 24.3707127631011, Accidental, 
13, 151, 1, 1, 25.1832652915518, Accidental, 
13, 155, 1, 1, 23.5490022628542, Accidental, 
13, 160, 1, 1, 21.0696779056391, Accidental, 
13, 165, 1, 1, 26.9637463731649, Accidental, 
13, 166, 1, 1, 29.2828745857852, Accidental, 
13, 170, 1, 1, 29.2993329499389, Accidental, 
13, 174, 2, 2, 37.2779916761823, Accidental, 
13, 176, 1, 1, 34.4789071213066, Accidental, 
13, 177, 2, 2, 33.6222921616942, Accidental, 
13, 180, 2, 2, 31.3790501618967, Accidental, 
13, 181, 2, 2, 33.0439236786411, Accidental, 
13, 182, 1, 1, 36.1331236438068, Accidental, 
13, 183, 2, 2, 34.7724710412982, Accidental, 
13, 185, 1, 1, 36.0567138829322, Accidental, 
13, 187, 1, 1, 34.5317021823361, Accidental, 
13, 189, 2, 2, 32.8754135369666, Accidental, 
13, 192, 1, 1, 29.7061409530582, Accidental, 
13, 194, 2, 2, 41.6321025176208, Accidental, 
13, 195, 2, 2, 39.8301623362937, Accidental, 
13, 196, 2, 2, 37.0264914829197, Accidental, 
13, 197, 2, 2, 38.8239052566647, Accidental, 
13, 198, 2, 2, 36.6117936910773, Accidental, 
13, 199, 2, 2, 36.9656794245813, Accidental, 
13, 200, 1, 1, 34.8731747923959, Accidental, 
13, 200, 1, 1, 34.8731747923959, Lightning, 
13, 204, 1, 1, 27.1745287991751, Accidental, 
13, 207, 1, 1, 27.078094426281, Accidental, 
13, 209, 1, 1, 29.3698450491687, Accidental, 
13, 213, 1, 1, 27.8836309498868, Accidental, 
13, 214, 2, 2, 27.2508113508586, Accidental, 
13, 216, 1, 1, 27.4406524529656, Accidental, 
13, 219, 1, 1, 30.1064198200152, Accidental, 
13, 220, 1, 1, 30.2276436922664, Accidental, 
13, 223, 1, 1, 28.5566124094815, Accidental, 
13, 224, 1, 1, 27.8320150183146, Accidental, 
13, 225, 2, 2, 26.5529998111299, Accidental, 
13, 228, 1, 1, 26.3319151614641, Accidental, 
13, 231, 1, 1, 24.8682854633008, Accidental, 
13, 234, 1, 1, 35.7966633615804, Accidental, 
13, 234, 1, 1, 35.7966633615804, Lightning, 
13, 236, 1, 1, 32.2178123819181, Accidental, 
13, 237, 1, 1, 32.7333990828491, Accidental, 
13, 238, 1, 1, 34.286931478649, Accidental, 
13, 239, 1, 1, 32.8727112883575, Accidental, 
13, 241, 2, 2, 39.412789763759, Accidental, 
13, 244, 2, 2, 33.0473046224281, Accidental, 
13, 246, 1, 1, 32.8756920696422, Accidental, 
13, 249, 1, 1, 35.7594927855631, Accidental, 
13, 250, 2, 2, 39.0666154457892, Accidental, 
13, 251, 2, 2, 37.8818509787893, Accidental, 
13, 252, 1, 1, 29.2176121176658, Accidental, 
13, 258, 2, 2, 26.4193567918408, Accidental, 
13, 259, 1, 1, 27.0632112281199, Accidental, 
13, 262, 2, 2, 26.5256406546026, Accidental, 
13, 264, 1, 1, 26.312007122625, Accidental, 
13, 265, 1, 1, 29.9857300423898, Accidental, 
13, 268, 2, 2, 34.0396667354754, Accidental, 
13, 270, 2, 2, 39.4961586792836, Accidental, 
13, 271, 2, 2, 34.8730719909191, Accidental, 
13, 273, 2, 2, 41.6324913223352, Accidental, 
13, 274, 2, 2, 37.8882627064662, Accidental, 
13, 276, 2, 2, 34.6653416251982, Accidental, 
13, 277, 3, 3, 43.4631621599271, Accidental, 
13, 278, 2, 2, 39.4178469467969, Accidental, 
13, 279, 2, 2, 42.7253635925034, Accidental, 
13, 280, 3, 3, 45.4412840507671, Accidental, 
13, 282, 1, 1, 30.1140468544815, Accidental, 
13, 283, 1, 1, 27.0517703077066, Accidental, 
13, 284, 1, 1, 27.8384751049444, Accidental, 
13, 285, 1, 1, 32.2941898418599, Accidental, 
13, 286, 1, 1, 38.7018310718696, Accidental, 
13, 287, 2, 2, 45.9372327357813, Accidental, 
13, 288, 2, 2, 30.8516676736921, Accidental, 
13, 290, 1, 1, 15.3891776957075, Accidental, 
13, 291, 1, 1, 13.1808765624148, Accidental, 
13, 294, 1, 1, 15.1026488184475, Accidental, 
13, 304, 1, 1, 32.9974379570023, Lightning, 
13, 305, 2, 2, 42.0179439940279, Accidental, 
13, 306, 2, 2, 34.0203669005578, Accidental, 
13, 310, 1, 1, 25.8086346389426, Accidental, 
13, 311, 1, 1, 25.4937516023532, Accidental, 
13, 312, 1, 1, 20.4104119181761, Accidental, 
13, 313, 1, 1, 19.1951450334524, Lightning, 
13, 316, 1, 1, 22.0211593608048, Accidental, 
13, 318, 2, 2, 38.5331097013055, Accidental, 
13, 320, 3, 3, 42.6378575540632, Accidental, 
13, 322, 2, 2, 44.0492433020878, Accidental, 
13, 324, 2, 2, 40.958877927943, Accidental, 
13, 325, 2, 2, 39.6101406909832, Accidental, 
13, 328, 2, 2, 33.516713173065, Accidental, 
13, 329, 1, 1, 33.7448594910824, Accidental, 
13, 333, 1, 1, 24.9035064807203, Accidental, 
13, 362, 1, 1, 0, Accidental, 
14, 9, 1, 1, 0, Accidental, 
14, 20, 1, 1, 0, Accidental, 
14, 43, 1, 1, 16.1595683401814, Accidental, 
14, 49, 1, 1, 10.3422570254918, Accidental, 
14, 58, 1, 1, 11.9706303987607, Accidental, 
14, 65, 1, 1, 21.0305635534283, Accidental, 
14, 68, 1, 1, 15.538638358336, Accidental, 
14, 72, 1, 1, 21.8543751162269, Accidental, 
14, 84, 1, 1, 24.1587020807507, Accidental, 
14, 87, 1, 1, 23.0657045519491, Accidental, 
14, 92, 1, 1, 28.4955576382047, Accidental, 
14, 93, 1, 1, 23.8777716013942, Accidental, 
14, 95, 1, 1, 25.0609385191651, Accidental, 
14, 101, 1, 1, 20.6102705930786, Accidental, 
14, 104, 1, 1, 29.2338482099195, Accidental, 
14, 108, 1, 1, 29.4023425039242, Accidental, 
14, 109, 1, 1, 26.6426092638707, Accidental, 
14, 110, 1, 1, 22.3883762609663, Accidental, 
14, 117, 2, 2, 30.1715875485453, Accidental, 
14, 118, 1, 1, 31.7477209271029, Accidental, 
14, 119, 1, 1, 32.7499925388902, Accidental, 
14, 120, 2, 2, 34.6289081502071, Accidental, 
14, 121, 1, 1, 34.9957279546954, Accidental, 
14, 122, 1, 1, 30.4945912150101, Accidental, 
14, 125, 1, 1, 22.435716667127, Lightning, 
14, 131, 1, 1, 24.7213551445461, Accidental, 
14, 140, 1, 1, 20.6239386433044, Accidental, 
14, 147, 1, 1, 20.3083348298974, Accidental, 
14, 154, 1, 1, 27.801631618115, Accidental, 
14, 155, 1, 1, 25.619716363519, Accidental, 
14, 156, 1, 1, 24.2817435123812, Accidental, 
14, 158, 1, 1, 30.2409512016787, Accidental, 
14, 161, 1, 1, 21.0110585402784, Accidental, 
14, 167, 2, 2, 39.2641050667114, Accidental, 
14, 169, 3, 3, 44.9964739048273, Accidental, 
14, 170, 2, 2, 42.9707452437454, Accidental, 
14, 171, 3, 3, 43.7701405129184, Accidental, 
14, 176, 2, 2, 40.1818241480741, Accidental, 
14, 177, 2, 2, 44.8742789769713, Accidental, 
14, 183, 1, 1, 29.5791914282577, Accidental, 
14, 184, 1, 1, 28.7837009755369, Accidental, 
14, 189, 2, 2, 27.2268940405414, Accidental, 
14, 194, 2, 2, 28.9824417596954, Accidental, 
14, 202, 1, 1, 20.0510815078736, Accidental, 
14, 203, 1, 1, 20.7770029043341, Accidental, 
14, 205, 1, 1, 30.6739150450888, Accidental, 
14, 208, 1, 1, 27.7424595881331, Accidental, 
14, 215, 2, 2, 34.2161375679712, Accidental, 
14, 217, 1, 1, 35.4537219756501, Accidental, 
14, 218, 1, 1, 30.6956641972189, Accidental, 
14, 219, 1, 1, 29.921933242545, Accidental, 
14, 220, 1, 1, 28.2229629826503, Accidental, 
14, 222, 1, 1, 29.36655901123, Accidental, 
14, 224, 2, 2, 35.1726353134447, Accidental, 
14, 225, 2, 2, 36.2203720705118, Accidental, 
14, 226, 2, 2, 37.481884244609, Accidental, 
14, 230, 2, 2, 35.835487632556, Accidental, 
14, 231, 1, 1, 34.1899646536555, Accidental, 
14, 233, 2, 2, 33.4857931497048, Accidental, 
14, 234, 1, 1, 30.5086521302181, Accidental, 
14, 236, 1, 1, 32.0428522989616, Accidental, 
14, 237, 1, 1, 30.2655070147662, Accidental, 
14, 240, 1, 1, 35.3317217445816, Accidental, 
14, 241, 1, 1, 33.0945989386877, Accidental, 
14, 242, 1, 1, 29.9200030284746, Accidental, 
14, 243, 1, 1, 29.7403558316186, Accidental, 
14, 248, 2, 2, 31.0574880538981, Accidental, 
14, 249, 1, 1, 29.7133603494274, Accidental, 
14, 252, 1, 1, 30.4015048144843, Accidental, 
14, 261, 2, 2, 27.2790293405137, Accidental, 
14, 262, 1, 1, 28.8794030590105, Accidental, 
14, 264, 1, 1, 29.1162828645691, Accidental, 
14, 265, 1, 1, 24.8355470969378, Accidental, 
14, 270, 1, 1, 30.681872766157, Accidental, 
14, 271, 1, 1, 29.5871366881661, Accidental, 
14, 277, 1, 1, 18.5944495973184, Accidental, 
14, 281, 1, 1, 36.8156009676049, Accidental, 
14, 281, 2, 2, 36.8156009676049, Lightning, 
14, 282, 2, 2, 36.7724375667496, Accidental, 
14, 284, 1, 1, 31.7555612004611, Accidental, 
14, 296, 1, 1, 26.6506123321369, Accidental, 
14, 303, 2, 2, 37.9770901785386, Accidental, 
14, 304, 2, 2, 34.702002738302, Accidental, 
14, 305, 1, 1, 31.5894996453908, Accidental, 
14, 310, 2, 2, 35.584801830002, Accidental, 
14, 315, 1, 1, 34.8767902758503, Accidental, 
14, 316, 2, 2, 39.2496757111696, Accidental, 
14, 318, 2, 2, 31.218650634568, Accidental, 
14, 319, 1, 1, 37.3588986910905, Accidental, 
14, 323, 1, 1, 33.8410823698127, Accidental, 
14, 325, 2, 2, 39.1909401697199, Accidental, 
14, 332, 1, 1, 16.5283909930202, Accidental, 
14, 349, 1, 1, 0, Lightning, 
14, 358, 1, 1, 0, Accidental, 
14, 361, 1, 1, 0, Accidental, 
15, 34, 1, 1, 8.92893812790123, Accidental, 
15, 79, 1, 1, 14.5059213302533, Accidental, 
15, 80, 1, 1, 17.8887424169112, Accidental, 
15, 90, 1, 1, 16.681178524089, Accidental, 
15, 91, 1, 1, 18.0328911433893, Accidental, 
15, 110, 1, 1, 32.3649692447206, Accidental, 
15, 111, 2, 2, 36.5745542523501, Accidental, 
15, 112, 1, 1, 31.5664026649855, Accidental, 
15, 113, 1, 1, 27.5952292447117, Accidental, 
15, 115, 1, 1, 22.0780263853498, Accidental, 
15, 127, 1, 1, 30.7550196285707, Accidental, 
15, 128, 1, 1, 30.9622748836002, Accidental, 
15, 130, 1, 1, 30.1057778607809, Accidental, 
15, 134, 1, 1, 26.2245156720906, Accidental, 
15, 136, 1, 1, 27.9270141901136, Accidental, 
15, 137, 1, 1, 31.1248521771715, Accidental, 
15, 140, 1, 1, 32.4898191332173, Accidental, 
15, 142, 1, 1, 31.8900743426838, Accidental, 
15, 144, 1, 1, 26.305856063039, Accidental, 
15, 150, 1, 1, 26.7598547218252, Accidental, 
15, 154, 2, 2, 34.2947890851957, Accidental, 
15, 161, 1, 1, 21.681039551224, Accidental, 
15, 165, 1, 1, 24.0049522032309, Accidental, 
15, 168, 1, 1, 20.7735653901961, Accidental, 
15, 177, 2, 2, 32.3986430292697, Accidental, 
15, 178, 1, 1, 35.4663205593953, Accidental, 
15, 179, 2, 2, 38.5751971489265, Accidental, 
15, 180, 2, 2, 39.4730710239056, Accidental, 
15, 181, 2, 2, 38.4090574823483, Accidental, 
15, 183, 2, 2, 36.0631769213168, Accidental, 
15, 185, 2, 2, 39.4161938394333, Accidental, 
15, 186, 2, 2, 38.278547418176, Accidental, 
15, 187, 3, 3, 41.2935715259437, Accidental, 
15, 190, 2, 2, 38.6534680223409, Accidental, 
15, 192, 2, 2, 40.630681336096, Accidental, 
15, 193, 2, 2, 40.4014964923595, Accidental, 
15, 195, 2, 2, 37.8863025863893, Accidental, 
15, 196, 2, 2, 35.5414866995958, Accidental, 
15, 197, 2, 2, 38.2174628840128, Accidental, 
15, 198, 2, 2, 37.860932015629, Accidental, 
15, 199, 2, 2, 40.8902442779961, Accidental, 
15, 200, 2, 2, 40.8660314036421, Accidental, 
15, 200, 3, 3, 40.8660314036421, Lightning, 
15, 206, 1, 1, 35.0546336435827, Accidental, 
15, 209, 2, 2, 38.5324863750157, Accidental, 
15, 210, 2, 2, 34.1002613702937, Accidental, 
15, 212, 2, 2, 33.0247426820952, Accidental, 
15, 213, 2, 2, 33.8758265551405, Accidental, 
15, 216, 2, 2, 44.6079897613418, Accidental, 
15, 217, 3, 3, 47.4067812865643, Accidental, 
15, 218, 1, 1, 35.7519796058366, Accidental, 
15, 222, 2, 2, 31.5444142512069, Accidental, 
15, 223, 1, 1, 32.3743288072689, Accidental, 
15, 228, 2, 2, 32.4480979619437, Accidental, 
15, 229, 1, 1, 32.6363919653036, Accidental, 
15, 233, 1, 1, 35.5984396969655, Accidental, 
15, 234, 1, 1, 31.4567298237514, Accidental, 
15, 236, 2, 2, 31.2976002542682, Accidental, 
15, 237, 2, 2, 33.2388242371395, Accidental, 
15, 239, 2, 2, 43.548119441735, Accidental, 
15, 240, 3, 3, 48.6923081148732, Accidental, 
15, 242, 3, 3, 45.838081335531, Accidental, 
15, 243, 2, 2, 40.5602821559947, Accidental, 
15, 244, 1, 1, 36.6676432140814, Accidental, 
15, 246, 1, 1, 36.2556263010705, Accidental, 
15, 247, 2, 2, 36.8939593556404, Accidental, 
15, 249, 1, 1, 35.6408010628358, Accidental, 
15, 250, 2, 2, 35.5089991692271, Accidental, 
15, 252, 1, 1, 31.1183845116945, Accidental, 
15, 254, 2, 2, 38.1515828556849, Accidental, 
15, 262, 1, 1, 34.3046174640365, Accidental, 
15, 263, 1, 1, 31.5460305580594, Accidental, 
15, 264, 3, 3, 42.7630959242247, Accidental, 
15, 265, 3, 3, 46.7940467832777, Accidental, 
15, 266, 2, 2, 41.3611578150126, Accidental, 
15, 267, 2, 2, 42.2225003073709, Accidental, 
15, 268, 4, 4, 41.3211085048104, Lightning, 
15, 269, 3, 3, 44.1262680320973, Accidental, 
15, 270, 3, 3, 45.8718268458806, Accidental, 
15, 271, 3, 3, 49.5923459432491, Accidental, 
15, 272, 2, 2, 36.6361554933514, Accidental, 
15, 273, 3, 3, 45.6479625985546, Accidental, 
15, 274, 2, 2, 38.5826373393764, Accidental, 
15, 277, 1, 1, 25.5708277695729, Accidental, 
15, 279, 1, 1, 27.7825200486718, Accidental, 
15, 282, 1, 1, 27.6683157726795, Accidental, 
15, 284, 1, 1, 29.7130545358428, Accidental, 
15, 288, 1, 1, 25.3701474074339, Accidental, 
15, 289, 1, 1, 29.5561716162923, Accidental, 
15, 293, 1, 1, 29.0046009609754, Accidental, 
15, 297, 2, 2, 40.7093956269182, Accidental, 
15, 298, 3, 3, 43.1966541271406, Accidental, 
15, 299, 5, 5, 57.4059172441051, Accidental, 
15, 300, 4, 4, 51.6774854554216, Accidental, 
15, 303, 2, 2, 37.933644373085, Accidental, 
15, 306, 1, 1, 37.9490996448255, Accidental, 
15, 307, 1, 1, 38.3867486042749, Accidental, 
15, 308, 1, 1, 32.3419628806677, Lightning, 
15, 315, 2, 2, 31.9965564510106, Accidental, 
15, 316, 1, 1, 24.2084030293588, Accidental, 
15, 321, 2, 2, 33.3648003967021, Accidental, 
15, 323, 2, 2, 35.6210748349237, Accidental, 
15, 326, 2, 2, 31.9312976992597, Accidental, 
15, 327, 2, 2, 42.8632312139494, Accidental, 
15, 328, 2, 2, 44.1199109860738, Accidental, 
15, 329, 2, 2, 39.7809715826644, Accidental, 
15, 330, 2, 2, 42.753586479895, Accidental, 
16, 52, 1, 1, 7.23486940344761, Accidental, 
16, 53, 1, 1, 7.49251625506452, Accidental, 
16, 58, 1, 1, 4.32183687242988, Accidental, 
16, 76, 1, 1, 8.48330517040891, Accidental, 
16, 77, 1, 1, 8.95550683373308, Accidental, 
16, 96, 1, 1, 13.4898902299817, Accidental, 
16, 99, 1, 1, 21.6875165377183, Accidental, 
16, 100, 1, 1, 18.6701873101222, Accidental, 
16, 140, 1, 1, 28.9496283916399, Accidental, 
16, 142, 1, 1, 30.5113008265621, Accidental, 
16, 144, 1, 1, 24.1126503179509, Accidental, 
16, 151, 1, 1, 22.3094384215876, Accidental, 
16, 152, 1, 1, 24.1614636074509, Accidental, 
16, 153, 1, 1, 24.5367150381622, Accidental, 
16, 154, 1, 1, 23.5717455440199, Accidental, 
16, 158, 1, 1, 22.8561185857201, Accidental, 
16, 168, 1, 1, 27.1111308901671, Accidental, 
16, 169, 1, 1, 29.5364452302567, Accidental, 
16, 171, 1, 1, 21.5585138255138, Accidental, 
16, 176, 1, 1, 27.9712107576444, Accidental, 
16, 177, 1, 1, 33.1118827043254, Accidental, 
16, 178, 1, 1, 35.0702499015933, Accidental, 
16, 187, 1, 1, 32.7003481689095, Accidental, 
16, 189, 1, 1, 30.8061583764542, Accidental, 
16, 190, 2, 2, 33.1431211454979, Accidental, 
16, 191, 2, 2, 35.5631401041454, Accidental, 
16, 194, 1, 1, 36.0131923069268, Accidental, 
16, 199, 1, 1, 28.6224974576113, Accidental, 
16, 201, 1, 1, 30.0159496542817, Accidental, 
16, 202, 2, 2, 29.2163172551621, Accidental, 
16, 203, 1, 1, 29.1182767689792, Accidental, 
16, 206, 1, 1, 28.5251148656188, Accidental, 
16, 208, 2, 2, 31.0535505278257, Accidental, 
16, 209, 1, 1, 29.0682356323933, Accidental, 
16, 214, 1, 1, 24.7955393010251, Accidental, 
16, 215, 1, 1, 25.8360852293958, Accidental, 
16, 216, 1, 1, 31.0044471130083, Accidental, 
16, 219, 1, 1, 34.5363032591858, Accidental, 
16, 222, 2, 2, 39.4652207833851, Accidental, 
16, 224, 2, 2, 41.0982209857402, Accidental, 
16, 225, 2, 2, 41.7205717906467, Accidental, 
16, 226, 2, 2, 40.6440610419869, Accidental, 
16, 228, 2, 2, 35.0828085710435, Accidental, 
16, 228, 1, 1, 35.0828085710435, Lightning, 
16, 229, 2, 2, 39.2236787865072, Accidental, 
16, 234, 1, 1, 26.0523577810984, Accidental, 
16, 237, 1, 1, 29.0530944861803, Accidental, 
16, 238, 1, 1, 28.6819948011016, Accidental, 
16, 241, 1, 1, 27.9410073921538, Accidental, 
16, 244, 1, 1, 27.3549333771734, Accidental, 
16, 247, 1, 1, 30.2056775253397, Accidental, 
16, 248, 2, 2, 29.5120309769134, Accidental, 
16, 249, 1, 1, 30.7259850439474, Accidental, 
16, 253, 1, 1, 22.663170948889, Accidental, 
16, 257, 1, 1, 30.3551257445042, Accidental, 
16, 260, 1, 1, 30.3987270872242, Accidental, 
16, 263, 1, 1, 35.2462873671064, Accidental, 
16, 265, 2, 2, 38.6834830330013, Accidental, 
16, 267, 1, 1, 25.2761458939734, Accidental, 
16, 269, 1, 1, 29.3233540459689, Accidental, 
16, 270, 1, 1, 30.8467211872321, Accidental, 
16, 275, 1, 1, 26.9702145896482, Accidental, 
16, 282, 1, 1, 28.2948604256122, Accidental, 
16, 287, 1, 1, 32.4230009762797, Accidental, 
16, 289, 1, 1, 27.3224796663634, Accidental, 
16, 290, 2, 2, 28.9646989686519, Accidental, 
16, 291, 1, 1, 26.6470994712197, Accidental, 
16, 293, 2, 2, 33.4972156569389, Accidental, 
16, 294, 1, 1, 37.3001369489516, Accidental, 
16, 296, 2, 2, 39.5166966065064, Accidental, 
16, 297, 3, 3, 50.8129131614811, Accidental, 
16, 297, 16, 16, 50.8129131614811, Lightning, 
16, 298, 5, 5, 56.6652805374646, Accidental, 
16, 298, 42, 42, 56.6652805374646, Lightning, 
16, 299, 3, 3, 49.7542201523719, Accidental, 
16, 300, 3, 3, 45.8448831829541, Accidental, 
16, 301, 19, 19, 51.7841642391201, Lightning, 
16, 304, 1, 1, 18.712217981126, Accidental, 
16, 311, 1, 1, 21.2360314561496, Accidental, 
16, 316, 1, 1, 16.8178290561825, Accidental, 
16, 318, 1, 1, 19.9334753920679, Accidental, 
16, 321, 1, 1, 19.3549434372294, Accidental, 
16, 324, 1, 1, 31.4373787815385, Accidental, 
16, 326, 1, 1, 35.4506227646384, Accidental, 
16, 326, 1, 1, 35.4506227646384, Lightning, 
16, 332, 1, 1, 33.9972817472751, Accidental, 
17, 0, 1, 1, 0, Accidental, 
17, 37, 1, 1, 3.34248871506636, Accidental, 
17, 50, 1, 1, 4.95934179514743, Accidental, 
17, 78, 1, 1, 14.0342285335585, Accidental, 
17, 92, 1, 1, 19.6549919253669, Accidental, 
17, 104, 1, 1, 28.4800838984077, Accidental, 
17, 108, 1, 1, 28.6962572464858, Accidental, 
17, 111, 2, 2, 36.5745542523501, Accidental, 
17, 123, 1, 1, 21.6606547180862, Accidental, 
17, 128, 1, 1, 30.9622748836002, Accidental, 
17, 130, 1, 1, 30.1057778607809, Accidental, 
17, 131, 1, 1, 31.3328944106536, Accidental, 
17, 132, 2, 2, 28.7305256936947, Accidental, 
17, 137, 2, 2, 31.1248521771715, Accidental, 
17, 137, 1, 1, 31.1248521771715, Lightning, 
17, 139, 2, 2, 34.3291670716426, Accidental, 
17, 140, 1, 1, 32.4898191332173, Accidental, 
17, 142, 2, 2, 31.8900743426838, Accidental, 
17, 143, 1, 1, 29.5375465146483, Accidental, 
17, 146, 1, 1, 25.1339307322782, Accidental, 
17, 148, 1, 1, 26.1150044057054, Accidental, 
17, 149, 1, 1, 24.4490132068989, Accidental, 
17, 150, 1, 1, 26.7598547218252, Accidental, 
17, 151, 1, 1, 28.5671203755562, Accidental, 
17, 156, 1, 1, 24.9264909816672, Accidental, 
17, 160, 1, 1, 23.2125800876709, Accidental, 
17, 164, 1, 1, 23.9479850595984, Accidental, 
17, 169, 1, 1, 27.2566443838909, Accidental, 
17, 175, 1, 1, 29.4185683633528, Accidental, 
17, 179, 1, 1, 38.5751971489265, Accidental, 
17, 181, 2, 2, 38.4090574823483, Accidental, 
17, 182, 2, 2, 36.0382706586418, Accidental, 
17, 184, 1, 1, 36.9976455081685, Accidental, 
17, 185, 2, 2, 39.4161938394333, Accidental, 
17, 187, 2, 2, 41.2935715259437, Accidental, 
17, 188, 1, 1, 38.9548732580962, Accidental, 
17, 190, 2, 2, 38.6534680223409, Accidental, 
17, 191, 2, 2, 39.4345864944475, Accidental, 
17, 193, 2, 2, 40.4014964923595, Accidental, 
17, 195, 2, 2, 37.8863025863893, Accidental, 
17, 199, 2, 2, 40.8902442779961, Accidental, 
17, 203, 2, 2, 36.6591043047145, Accidental, 
17, 206, 1, 1, 35.0546336435827, Accidental, 
17, 208, 2, 2, 39.7119086181019, Accidental, 
17, 210, 1, 1, 34.1002613702937, Accidental, 
17, 212, 2, 2, 33.0247426820952, Accidental, 
17, 213, 1, 1, 33.8758265551405, Accidental, 
17, 214, 2, 2, 37.5614506430012, Accidental, 
17, 215, 2, 2, 40.1633159694619, Accidental, 
17, 216, 3, 3, 44.6079897613418, Accidental, 
17, 220, 1, 1, 30.567324297384, Accidental, 
17, 222, 1, 1, 31.5444142512069, Accidental, 
17, 223, 2, 2, 32.3743288072689, Accidental, 
17, 224, 2, 2, 35.0494320503158, Accidental, 
17, 226, 1, 1, 34.2950889003945, Accidental, 
17, 227, 1, 1, 31.9487278205656, Accidental, 
17, 228, 2, 2, 32.4480979619437, Accidental, 
17, 232, 1, 1, 32.8449936647578, Accidental, 
17, 234, 1, 1, 31.4567298237514, Accidental, 
17, 235, 1, 1, 30.0547218048089, Accidental, 
17, 239, 3, 3, 43.548119441735, Accidental, 
17, 241, 3, 3, 49.6188861721306, Accidental, 
17, 242, 3, 3, 45.838081335531, Accidental, 
17, 243, 2, 2, 40.5602821559947, Accidental, 
17, 244, 2, 2, 36.6676432140814, Accidental, 
17, 245, 1, 1, 34.1339776705088, Accidental, 
17, 247, 1, 1, 36.8939593556404, Accidental, 
17, 248, 2, 2, 35.7794406196939, Accidental, 
17, 249, 1, 1, 35.6408010628358, Accidental, 
17, 251, 1, 1, 31.6737651745594, Accidental, 
17, 253, 2, 2, 34.827038779852, Accidental, 
17, 254, 2, 2, 38.1515828556849, Accidental, 
17, 255, 1, 1, 33.4692033386326, Accidental, 
17, 263, 1, 1, 31.5460305580594, Accidental, 
17, 264, 3, 3, 42.7630959242247, Accidental, 
17, 265, 3, 3, 46.7940467832777, Accidental, 
17, 267, 2, 2, 42.2225003073709, Accidental, 
17, 270, 3, 3, 45.8718268458806, Accidental, 
17, 271, 3, 3, 49.5923459432491, Accidental, 
17, 272, 2, 2, 36.6361554933514, Accidental, 
17, 273, 3, 3, 45.6479625985546, Accidental, 
17, 275, 3, 3, 42.5409635409944, Accidental, 
17, 276, 2, 2, 42.284927619394, Accidental, 
17, 279, 1, 1, 27.7825200486718, Accidental, 
17, 280, 1, 1, 26.6692626954539, Accidental, 
17, 281, 1, 1, 24.9008780441486, Accidental, 
17, 282, 1, 1, 27.6683157726795, Accidental, 
17, 284, 1, 1, 29.7130545358428, Accidental, 
17, 285, 1, 1, 27.3944561202645, Accidental, 
17, 289, 1, 1, 29.5561716162923, Accidental, 
17, 291, 1, 1, 34.1881038065214, Accidental, 
17, 293, 1, 1, 29.0046009609754, Accidental, 
17, 294, 1, 1, 27.7388931968802, Accidental, 
17, 297, 2, 2, 40.7093956269182, Accidental, 
17, 299, 5, 5, 57.4059172441051, Accidental, 
17, 300, 3, 3, 51.6774854554216, Accidental, 
17, 301, 2, 2, 39.7420003049404, Accidental, 
17, 302, 2, 2, 35.1701587727373, Accidental, 
17, 303, 2, 2, 37.933644373085, Accidental, 
17, 305, 1, 1, 36.1892668645404, Accidental, 
17, 309, 1, 1, 22.6816450983912, Accidental, 
17, 312, 1, 1, 23.7717449258097, Accidental, 
17, 316, 1, 1, 24.2084030293588, Accidental, 
17, 317, 1, 1, 21.2182436032871, Accidental, 
17, 318, 1, 1, 27.4019196901622, Accidental, 
17, 319, 2, 2, 32.1976832981544, Accidental, 
17, 320, 2, 2, 36.8593702868785, Accidental, 
17, 321, 1, 1, 33.3648003967021, Accidental, 
17, 324, 2, 2, 27.3433233862285, Accidental, 
17, 325, 1, 1, 24.7042883759165, Accidental, 
17, 327, 2, 2, 42.8632312139494, Accidental, 
17, 329, 3, 3, 39.7809715826644, Lightning, 
18, 69, 1, 1, 22.8065396379133, Accidental, 
18, 71, 1, 1, 25.0764663561308, Accidental, 
18, 72, 1, 1, 22.0324756628863, Accidental, 
18, 94, 1, 1, 20.2529415409835, Accidental, 
18, 101, 2, 2, 31.1510461878831, Accidental, 
18, 107, 1, 1, 23.6568474337104, Accidental, 
18, 110, 1, 1, 15.7550980683706, Accidental, 
18, 113, 1, 1, 15.3435822238496, Accidental, 
18, 114, 1, 1, 20.2930841119495, Accidental, 
18, 118, 2, 2, 28.2114803440386, Accidental, 
18, 120, 2, 2, 35.3492199402547, Accidental, 
18, 121, 1, 1, 35.1265398654951, Accidental, 
18, 121, 2, 2, 35.1265398654951, Lightning, 
18, 122, 1, 1, 27.7214538974213, Accidental, 
18, 125, 2, 2, 30.871710891555, Accidental, 
18, 126, 1, 1, 34.8140373140068, Accidental, 
18, 127, 1, 1, 36.0381419867161, Accidental, 
18, 129, 2, 2, 39.305298908176, Accidental, 
18, 130, 2, 2, 39.041135719594, Accidental, 
18, 132, 2, 2, 33.8970612978888, Accidental, 
18, 133, 1, 1, 29.6850672717466, Accidental, 
18, 136, 1, 1, 27.0383052755693, Accidental, 
18, 142, 1, 1, 23.4609062732278, Accidental, 
18, 150, 1, 1, 31.6312774282189, Accidental, 
18, 153, 1, 1, 28.2107203984944, Accidental, 
18, 155, 2, 2, 39.5012410149272, Accidental, 
18, 156, 2, 2, 35.821508885659, Accidental, 
18, 160, 1, 1, 28.4941833489254, Accidental, 
18, 162, 1, 1, 26.8334458821807, Accidental, 
18, 163, 1, 1, 28.6733333346277, Accidental, 
18, 164, 2, 2, 36.7507940971855, Accidental, 
18, 165, 2, 2, 41.69281492596, Accidental, 
18, 166, 2, 2, 41.8655152624341, Accidental, 
18, 167, 2, 2, 38.1516100288976, Accidental, 
18, 168, 2, 2, 34.7773541540977, Accidental, 
18, 169, 1, 1, 35.9477360636035, Accidental, 
18, 170, 2, 2, 38.7303329387532, Accidental, 
18, 170, 2, 2, 38.7303329387532, Lightning, 
18, 176, 2, 2, 39.2138633576918, Accidental, 
18, 178, 1, 1, 37.3791905136387, Accidental, 
18, 179, 1, 1, 35.5110432460921, Accidental, 
18, 181, 1, 1, 36.3011069308559, Accidental, 
18, 183, 2, 2, 37.3503674687656, Accidental, 
18, 186, 2, 2, 42.4435825480568, Accidental, 
18, 188, 3, 3, 42.0488532954184, Accidental, 
18, 189, 2, 2, 40.6206153687738, Accidental, 
18, 189, 3, 3, 40.6206153687738, Lightning, 
18, 190, 1, 1, 32.5293394126563, Accidental, 
18, 191, 1, 1, 33.5478982740789, Accidental, 
18, 192, 1, 1, 33.4121934311004, Accidental, 
18, 196, 2, 2, 33.8704194414899, Accidental, 
18, 198, 1, 1, 34.3027380785112, Accidental, 
18, 201, 1, 1, 33.5610879853538, Accidental, 
18, 202, 1, 1, 31.9780261753866, Accidental, 
18, 204, 1, 1, 31.8666722548708, Accidental, 
18, 205, 2, 2, 31.6422293254923, Accidental, 
18, 207, 1, 1, 32.3821469054014, Accidental, 
18, 209, 2, 2, 33.8825366138567, Accidental, 
18, 212, 1, 1, 30.2913531391289, Accidental, 
18, 214, 1, 1, 32.1779674220117, Accidental, 
18, 215, 2, 2, 36.1202622936499, Accidental, 
18, 215, 1, 1, 36.1202622936499, Lightning, 
18, 216, 2, 2, 39.1512681423852, Accidental, 
18, 216, 3, 3, 39.1512681423852, Lightning, 
18, 218, 1, 1, 33.129663275592, Accidental, 
18, 220, 2, 2, 34.3902071894048, Accidental, 
18, 222, 1, 1, 34.5243754268244, Accidental, 
18, 226, 2, 2, 37.2281272692125, Accidental, 
18, 227, 2, 2, 37.2717212715141, Accidental, 
18, 229, 2, 2, 40.2642431975932, Accidental, 
18, 231, 2, 2, 40.0934263605014, Accidental, 
18, 232, 2, 2, 41.547005059565, Accidental, 
18, 233, 2, 2, 44.010692678378, Accidental, 
18, 234, 2, 2, 40.1850934067183, Accidental, 
18, 235, 1, 1, 37.3425520859618, Accidental, 
18, 237, 1, 1, 33.4439863258092, Accidental, 
18, 238, 1, 1, 31.946396479814, Accidental, 
18, 239, 1, 1, 31.3662142406098, Accidental, 
18, 242, 2, 2, 33.7162677281281, Accidental, 
18, 243, 2, 2, 33.3104495961193, Accidental, 
18, 245, 2, 2, 35.683972923194, Accidental, 
18, 246, 2, 2, 37.7996283217081, Accidental, 
18, 247, 2, 2, 35.249020302479, Accidental, 
18, 248, 2, 2, 33.69449521496, Accidental, 
18, 250, 1, 1, 31.3036860006441, Accidental, 
18, 252, 1, 1, 28.2688442141925, Accidental, 
18, 255, 2, 2, 41.7647971166752, Accidental, 
18, 257, 2, 2, 39.2101809712782, Accidental, 
18, 267, 1, 1, 21.1334216056325, Accidental, 
18, 269, 1, 1, 30.6998956866101, Accidental, 
18, 271, 1, 1, 23.7878763395635, Accidental, 
18, 272, 1, 1, 27.4123857747913, Accidental, 
18, 275, 2, 2, 31.8682762603889, Accidental, 
18, 279, 1, 1, 36.9898535341803, Accidental, 
18, 280, 2, 2, 38.1855306698801, Accidental, 
18, 281, 2, 2, 41.8565039063519, Accidental, 
18, 286, 1, 1, 19.3545455029242, Accidental, 
18, 287, 1, 1, 22.8536810851145, Accidental, 
18, 288, 1, 1, 29.1724907820809, Accidental, 
18, 291, 1, 1, 26.7827379829738, Accidental, 
18, 293, 6, 6, 59.8444541541413, Accidental, 
18, 294, 11, 11, 74.2575823350146, Accidental, 
18, 295, 7, 7, 62.5428798162849, Accidental, 
18, 296, 3, 3, 46.2175903396376, Accidental, 
18, 297, 3, 3, 42.8737952645213, Accidental, 
18, 298, 2, 2, 45.2419118601135, Accidental, 
18, 299, 2, 2, 36.6962214183746, Accidental, 
18, 300, 1, 1, 30.1377660725523, Accidental, 
18, 301, 1, 1, 35.2404967624744, Accidental, 
18, 302, 1, 1, 27.8132418796443, Accidental, 
18, 306, 2, 2, 32.2510386254688, Accidental, 
18, 311, 1, 1, 27.5348169247571, Accidental, 
18, 316, 1, 1, 22.4241477124962, Lightning, 
18, 318, 1, 1, 26.8166356061974, Accidental, 
18, 319, 1, 1, 25.6264745953941, Lightning, 
18, 320, 1, 1, 22.9926350630866, Accidental, 
18, 325, 1, 1, 25.4597400600119, Accidental, 
18, 326, 2, 2, 30.5514812965122, Accidental, 
18, 329, 1, 1, 32.1752046517764, Accidental, 
18, 331, 2, 2, 41.2576447290213, Accidental, 
18, 332, 2, 2, 34.8074749401169, Accidental, 
