Year,Month,ClimateRegionIndex,SpeciesName,CohortAge,CohortWoodBiomass,CohortLeafBiomass,CohortBiomass,MortalityAGEwoodBiomass,MortalityAGEleafBiomass,MortalityTHINwoodBiomass,MortalityTHINleafBiomass,BaseLAI,SeaonalAdjustLAI,ActualLAI,SiteLAI,TreeLAI,GrowthLimitLAI,GrowthLimitSoilWater,GrowthLimitT,GrowthLimitN,GrowthLimitLAIcompetition,MaximumANPP,ActualWoodANPP,ActualLeafANPP,DeltaWood,DeltaLeaf,CohortMaximumBiomass,TotalSiteBiomass,AvailableWater,SoilTemperature,MineralNalloc,ResorbedNalloc,MineralNconsumed,ResorbedNconsumed,TotalNDemand,
1, 7, 0, 361, 180, 26535, 0, 26535, 5.481, 0, 26.535, 0, 5.6, 1, 5.6, 5.6, 5.6, 0.93, 0.01, 0.84, 1, 0.46, 41, 0, 0, -32.016, 0, 100000, 446368, 0.3, 24.2, 0.501, 0, 0, 0, 0, 
1, 7, 0, 801, 160, 58899, 0, 58899, 0.562, 0, 58.899, 0, 6.1, 0, 0.2, 5.8, 0.2, 0.09, 0.01, 0.86, 1, 0.44, 85, 0, 0, -59.461, 0, 100000, 446335, 0.3, 24.2, 0.501, 0, 0, 0, 0, 
1, 7, 0, 801, 155, 5655, 0, 5655, 0.045, 0, 5.655, 0, 3.7, 0, 0.2, 6, 0.2, 0.09, 0.01, 0.86, 1, 0.43, 85, 0, 0, -5.7, 0, 100000, 446275, 0.3, 24.2, 0.501, 0, 0, 0, 0, 
1, 7, 0, 361, 155, 4959, 0, 4959, 0.293, 0, 4.959, 0, 3.5, 1, 3.5, 9.5, 3.5, 0.81, 0.01, 0.84, 1, 0.26, 41, 0, 0, -5.252, 0, 100000, 446269, 0.3, 24.2, 0.501, 0, 0, 0, 0, 
1, 7, 0, 361, 150, 6090, 0, 6090, 0.281, 0, 6.09, 0, 3.8, 1, 3.8, 13.3, 3.8, 0.83, 0.01, 0.84, 1, 0.15, 41, 0, 0, -6.371, 0, 100000, 446263, 0.3, 24.2, 0.501, 0, 0, 0, 0, 
1, 7, 0, 801, 140, 12354, 0, 12354, 0.056, 0, 12.354, 0, 4.8, 0, 0.2, 13.5, 0.2, 0.09, 0.01, 0.86, 1, 0.15, 85, 0, 0, -12.41, 0, 100000, 446256, 0.3, 24.2, 0.501, 0, 0, 0, 0, 
1, 7, 0, 801, 130, 134647, 0, 134647, 0.423, 0, 134.647, 0, 6.3, 0, 0.2, 13.7, 0.2, 0.09, 0.01, 0.86, 1, 0.15, 85, 0, 0, -135.07, 0, 100000, 446243, 0.3, 24.2, 0.501, 0, 0, 0, 0, 
1, 7, 0, 361, 130, 3219, 0, 3219, 0.055, 0, 3.219, 0, 2.8, 1, 2.8, 16.5, 2.8, 0.73, 0.01, 0.84, 1, 0.1, 41, 0, 0, -3.274, 0, 100000, 446107, 0.3, 24.2, 0.501, 0, 0, 0, 0, 
1, 7, 0, 361, 125, 3538, 0, 3538, 0.047, 0, 3.538, 0, 3, 1, 3, 19.5, 3, 0.75, 0.01, 0.84, 1, 0.07, 41, 0, 0, -3.585, 0, 100000, 446103, 0.3, 24.2, 0.501, 0, 0, 0, 0, 
1, 7, 0, 801, 125, 57594, 0, 57594, 0.15, 0, 57.594, 0, 6.1, 0, 0.2, 19.7, 0.2, 0.09, 0.01, 0.86, 1, 0.06, 85, 0, 0, -57.744, 0, 100000, 446099, 0.3, 24.2, 0.501, 0, 0, 0, 0, 
1, 7, 0, 801, 90, 17226, 0, 17226, 0.012, 0, 17.226, 0, 5.2, 0, 0.2, 19.9, 0.2, 0.09, 0.01, 0.86, 1, 0.06, 85, 0, 0, -17.238, 0, 100000, 446041, 0.3, 24.2, 0.501, 0, 0, 0, 0, 
1, 7, 0, 801, 85, 61248, 0, 61248, 0.036, 0, 61.248, 0, 6.1, 0, 0.2, 20.1, 0.2, 0.09, 0.01, 0.86, 1, 0.06, 85, 0, 0, -61.284, 0, 100000, 446023, 0.3, 24.2, 0.501, 0, 0, 0, 0, 
1, 7, 0, 801, 65, 18995, 0, 18995, 0.005, 0, 18.995, 0, 5.3, 0, 0.2, 20.3, 0.2, 0.09, 0.01, 0.86, 1, 0.06, 85, 0, 0, -19, 0, 100000, 445961, 0.3, 24.2, 0.501, 0, 0, 0, 0, 
1, 7, 0, 801, 60, 6583, 0, 6583, 0.002, 0, 6.585, 0, 3.9, 0, 0.2, 20.5, 0.2, 0.09, 0.01, 0.86, 1, 0.06, 85, 0.002, 0.0007, -6.585, 0.0007, 100000, 445942, 0.3, 24.2, 0.501, 0, 0, 0, 0, 
1, 7, 0, 801, 50, 2755, 0, 2755, 0, 0, 2.757, 0, 2.6, 0, 0.2, 20.7, 0.2, 0.09, 0.01, 0.86, 1, 0.06, 85, 0.002, 0.001, -2.755, 0.001, 100000, 445935, 0.3, 24.2, 0.501, 0, 0, 0, 0, 
1, 7, 0, 127, 50, 11078, 0, 11078, 0.003, 0, 11.082, 0, 3.9, 1, 3.9, 24.6, 3.9, 0.84, 0.01, 0.94, 1, 0.03, 35, 0.004, 0.0011, -11.081, 0.0011, 100000, 445932, 0.3, 24.2, 0.501, 0, 0, 0, 0, 
1, 7, 0, 801, 45, 7366, 0, 7366, 0.001, 0, 7.367, 0, 4.1, 0, 0.2, 24.8, 0.2, 0.09, 0.01, 0.86, 1, 0.03, 85, 0.001, 0.0003, -7.367, 0.0003, 100000, 445920, 0.3, 24.2, 0.501, 0, 0, 0, 0, 
1, 7, 0, 801, 40, 1653, 0, 1653, 0, 0, 1.654, 0, 1.8, 0, 0.2, 25, 0.2, 0.09, 0.01, 0.86, 1, 0.03, 85, 0.001, 0.0005, -1.653, 0.0005, 100000, 445912, 0.3, 24.2, 0.501, 0, 0, 0, 0, 
1, 7, 0, 127, 35, 1653, 0, 1653, 0, 0, 1.656, 0, 1.2, 1, 1.2, 26.1, 1.2, 0.43, 0.01, 0.94, 1, 0.03, 35, 0.003, 0.0007, -1.653, 0.0007, 100000, 445910, 0.3, 24.2, 0.483, 0, 0, 0, 0, 
1, 7, 0, 801, 30, 4321, 0, 4321, 0, 0, 4.322, 0, 3.3, 0, 0.2, 26.3, 0.2, 0.09, 0.01, 0.86, 1, 0.03, 85, 0.001, 0.0004, -4.321, 0.0004, 100000, 445908, 0.3, 24.2, 0.501, 0, 0, 0, 0, 
1, 8, 0, 361, 180, 26503, 0, 26503, 5.475, 0, 26.503, 0, 5.6, 1, 5.6, 5.6, 5.6, 0.93, 0.01, 0.79, 1, 0.46, 41, 0, 0, -31.978, 0, 100000, 445903, 1.2, 25.1, 0.492, 0, 0, 0, 0, 
1, 8, 0, 801, 160, 58839.5, 0, 58839.5, 0.562, 0, 58.84, 0, 6.1, 0, 0.2, 5.8, 0.2, 0.09, 0.01, 0.83, 1, 0.44, 85, 0, 0, -59.401, 0, 100000, 445872, 1.2, 25.1, 0.492, 0, 0, 0, 0, 
1, 8, 0, 801, 155, 5649.3, 0, 5649.3, 0.045, 0, 5.649, 0, 3.7, 0, 0.2, 6, 0.2, 0.09, 0.01, 0.83, 1, 0.43, 85, 0, 0, -5.694, 0, 100000, 445813, 1.2, 25.1, 0.492, 0, 0, 0, 0, 
1, 8, 0, 361, 155, 4953.7, 0, 4953.7, 0.293, 0, 4.954, 0, 3.5, 1, 3.5, 9.5, 3.5, 0.81, 0.01, 0.79, 1, 0.26, 41, 0, 0, -5.247, 0, 100000, 445807, 1.2, 25.1, 0.492, 0, 0, 0, 0, 
1, 8, 0, 361, 150, 6083.6, 0, 6083.6, 0.28, 0, 6.084, 0, 3.8, 1, 3.8, 13.3, 3.8, 0.83, 0.01, 0.79, 1, 0.15, 41, 0, 0, -6.364, 0, 100000, 445802, 1.2, 25.1, 0.492, 0, 0, 0, 0, 
1, 8, 0, 801, 140, 12341.6, 0, 12341.6, 0.056, 0, 12.342, 0, 4.8, 0, 0.2, 13.5, 0.2, 0.09, 0.01, 0.83, 1, 0.15, 85, 0, 0, -12.398, 0, 100000, 445796, 1.2, 25.1, 0.492, 0, 0, 0, 0, 
1, 8, 0, 801, 130, 134511.9, 0, 134511.9, 0.423, 0, 134.512, 0, 6.3, 0, 0.2, 13.7, 0.2, 0.09, 0.01, 0.83, 1, 0.15, 85, 0, 0, -134.935, 0, 100000, 445784, 1.2, 25.1, 0.492, 0, 0, 0, 0, 
1, 8, 0, 361, 130, 3215.7, 0, 3215.7, 0.055, 0, 3.216, 0, 2.8, 1, 2.8, 16.5, 2.8, 0.73, 0.01, 0.79, 1, 0.1, 41, 0, 0, -3.27, 0, 100000, 445650, 1.2, 25.1, 0.492, 0, 0, 0, 0, 
1, 8, 0, 361, 125, 3534.4, 0, 3534.4, 0.047, 0, 3.534, 0, 2.9, 1, 2.9, 19.5, 2.9, 0.75, 0.01, 0.79, 1, 0.07, 41, 0, 0, -3.581, 0, 100000, 445647, 1.2, 25.1, 0.492, 0, 0, 0, 0, 
1, 8, 0, 801, 125, 57536.3, 0, 57536.3, 0.15, 0, 57.536, 0, 6.1, 0, 0.2, 19.7, 0.2, 0.09, 0.01, 0.83, 1, 0.06, 85, 0, 0, -57.687, 0, 100000, 445643, 1.2, 25.1, 0.492, 0, 0, 0, 0, 
1, 8, 0, 801, 90, 17208.8, 0, 17208.8, 0.012, 0, 17.209, 0, 5.2, 0, 0.2, 19.9, 0.2, 0.09, 0.01, 0.83, 1, 0.06, 85, 0, 0, -17.221, 0, 100000, 445585, 1.2, 25.1, 0.492, 0, 0, 0, 0, 
1, 8, 0, 801, 85, 61186.7, 0, 61186.7, 0.036, 0, 61.187, 0, 6.1, 0, 0.2, 20.1, 0.2, 0.09, 0.01, 0.83, 1, 0.06, 85, 0, 0, -61.223, 0, 100000, 445568, 1.2, 25.1, 0.492, 0, 0, 0, 0, 
1, 8, 0, 801, 65, 18976, 0, 18976, 0.005, 0, 18.976, 0, 5.3, 0, 0.2, 20.3, 0.2, 0.09, 0.01, 0.83, 1, 0.06, 85, 0, 0, -18.981, 0, 100000, 445507, 1.2, 25.1, 0.492, 0, 0, 0, 0, 
1, 8, 0, 801, 60, 6576.4, 0, 6576.4, 0.002, 0, 6.578, 0, 3.9, 0, 0.2, 20.5, 0.2, 0.09, 0.01, 0.83, 1, 0.06, 85, 0.001, 0.0006, -6.578, 0.0006, 100000, 445488, 1.2, 25.1, 0.492, 0, 0, 0, 0, 
1, 8, 0, 801, 50, 2752.2, 0, 2752.2, 0, 0, 2.754, 0, 2.6, 0, 0.2, 20.7, 0.2, 0.09, 0.01, 0.83, 1, 0.06, 85, 0.002, 0.0009, -2.753, 0.0009, 100000, 445481, 1.2, 25.1, 0.492, 0, 0, 0, 0, 
1, 8, 0, 127, 50, 11066.9, 0, 11066.9, 0.003, 0, 11.071, 4E-05, 3.9, 1, 3.9, 24.6, 3.9, 0.84, 0.01, 0.91, 1, 0.03, 35, 0.004, 0.001, -11.07, 0.001, 100000, 445478, 1.2, 25.1, 0.492, 0, 0, 0, 0, 
1, 8, 0, 801, 45, 7358.6, 0, 7358.6, 0.001, 0, 7.359, 0, 4.1, 0, 0.2, 24.8, 0.2, 0.09, 0.01, 0.83, 1, 0.03, 85, 0.001, 0.0003, -7.36, 0.0003, 100000, 445467, 1.2, 25.1, 0.492, 0, 0, 0, 0, 
1, 8, 0, 801, 40, 1651.3, 0, 1651.3, 0, 0, 1.653, 0, 1.8, 0, 0.2, 25, 0.2, 0.09, 0.01, 0.83, 1, 0.03, 85, 0.001, 0.0005, -1.652, 0.0005, 100000, 445460, 1.2, 25.1, 0.491, 0, 0, 0, 0, 
1, 8, 0, 127, 35, 1651.3, 0, 1651.3, 0, 0, 1.654, 3E-05, 1.2, 1, 1.2, 26.1, 1.2, 0.43, 0.01, 0.91, 1, 0.03, 35, 0.003, 0.0006, -1.652, 0.0006, 100000, 445458, 1.2, 25.1, 0.474, 0, 0, 0, 0, 
1, 8, 0, 801, 30, 4316.7, 0, 4316.7, 0, 0, 4.318, 0, 3.3, 0, 0.2, 26.3, 0.2, 0.09, 0.01, 0.83, 1, 0.03, 85, 0.001, 0.0004, -4.317, 0.0004, 100000, 445456, 1.2, 25.1, 0.492, 0, 0, 0, 0, 
1, 9, 0, 361, 180, 26471, 0, 26471, 5.468, 0, 26.471, 0, 5.6, 1, 5.6, 5.6, 5.6, 0.93, 0.01, 0.81, 1, 0.46, 41, 0, 0, -31.939, 0, 100000, 445452, 0.9, 24.8, 0.479, 0, 0, 0, 0, 
1, 9, 0, 801, 160, 58780.1, 0, 58780.1, 0.561, 0, 58.78, 0, 6.1, 0, 0.2, 5.8, 0.2, 0.09, 0.01, 0.84, 1, 0.44, 85, 0, 0, -59.341, 0, 100000, 445420, 0.9, 24.8, 0.479, 0, 0, 0, 0, 
1, 9, 0, 801, 155, 5643.6, 0, 5643.6, 0.045, 0, 5.644, 0, 3.7, 0, 0.2, 6, 0.2, 0.09, 0.01, 0.84, 1, 0.43, 85, 0, 0, -5.688, 0, 100000, 445360, 0.9, 24.8, 0.479, 0, 0, 0, 0, 
1, 9, 0, 361, 155, 4948.5, 0, 4948.5, 0.293, 0, 4.949, 0, 3.5, 1, 3.5, 9.5, 3.5, 0.81, 0.01, 0.81, 1, 0.26, 41, 0, 0, -5.241, 0, 100000, 445354, 0.9, 24.8, 0.479, 0, 0, 0, 0, 
1, 9, 0, 361, 150, 6077.3, 0, 6077.3, 0.28, 0, 6.077, 0, 3.8, 1, 3.8, 13.3, 3.8, 0.83, 0.01, 0.81, 1, 0.15, 41, 0, 0, -6.357, 0, 100000, 445349, 0.9, 24.8, 0.479, 0, 0, 0, 0, 
1, 9, 0, 801, 140, 12329.2, 0, 12329.2, 0.056, 0, 12.329, 0, 4.8, 0, 0.2, 13.5, 0.2, 0.09, 0.01, 0.84, 1, 0.15, 85, 0, 0, -12.385, 0, 100000, 445342, 0.9, 24.8, 0.479, 0, 0, 0, 0, 
1, 9, 0, 801, 130, 134377, 0, 134377, 0.422, 0, 134.377, 0, 6.3, 0, 0.2, 13.7, 0.2, 0.09, 0.01, 0.84, 1, 0.15, 85, 0, 0, -134.799, 0, 100000, 445329, 0.9, 24.8, 0.479, 0, 0, 0, 0, 
1, 9, 0, 361, 130, 3212.5, 0, 3212.5, 0.054, 0, 3.212, 0, 2.8, 1, 2.8, 16.5, 2.8, 0.73, 0.01, 0.81, 1, 0.1, 41, 0, 0, -3.267, 0, 100000, 445194, 0.9, 24.8, 0.479, 0, 0, 0, 0, 
1, 9, 0, 361, 125, 3530.8, 0, 3530.8, 0.047, 0, 3.531, 0, 2.9, 1, 2.9, 19.5, 2.9, 0.75, 0.01, 0.81, 1, 0.07, 41, 0, 0, -3.577, 0, 100000, 445191, 0.9, 24.8, 0.479, 0, 0, 0, 0, 
1, 9, 0, 801, 125, 57478.6, 0, 57478.6, 0.15, 0, 57.479, 0, 6.1, 0, 0.2, 19.7, 0.2, 0.09, 0.01, 0.84, 1, 0.06, 85, 0, 0, -57.629, 0, 100000, 445188, 0.9, 24.8, 0.479, 0, 0, 0, 0, 
1, 9, 0, 801, 90, 17191.5, 0, 17191.5, 0.012, 0, 17.192, 0, 5.2, 0, 0.2, 19.9, 0.2, 0.09, 0.01, 0.84, 1, 0.06, 85, 0, 0, -17.204, 0, 100000, 445130, 0.9, 24.8, 0.479, 0, 0, 0, 0, 
1, 9, 0, 801, 85, 61125.5, 0, 61125.5, 0.036, 0, 61.125, 0, 6.1, 0, 0.2, 20.1, 0.2, 0.09, 0.01, 0.84, 1, 0.06, 85, 0, 0, -61.162, 0, 100000, 445113, 0.9, 24.8, 0.479, 0, 0, 0, 0, 
1, 9, 0, 801, 65, 18957, 0, 18957, 0.005, 0, 18.957, 0, 5.3, 0, 0.2, 20.3, 0.2, 0.09, 0.01, 0.84, 1, 0.06, 85, 0, 0, -18.962, 0, 100000, 445052, 0.9, 24.8, 0.479, 0, 0, 0, 0, 
1, 9, 0, 801, 60, 6569.8, 0, 6569.8, 0.002, 0, 6.571, 0, 3.9, 0, 0.2, 20.5, 0.2, 0.09, 0.01, 0.84, 1, 0.06, 85, 0.001, 0.0006, -6.571, 0.0006, 100000, 445033, 0.9, 24.8, 0.479, 0, 0, 0, 0, 
1, 9, 0, 801, 50, 2749.5, 0, 2749.5, 0, 0, 2.752, 0, 2.6, 0, 0.2, 20.7, 0.2, 0.09, 0.01, 0.84, 1, 0.06, 85, 0.002, 0.0009, -2.75, 0.0009, 100000, 445027, 0.9, 24.8, 0.479, 0, 0, 0, 0, 
1, 9, 0, 127, 50, 11055.8, 0, 11055.9, 0.003, 0, 11.06, 9E-05, 3.9, 1, 3.9, 24.5, 3.9, 0.84, 0.01, 0.92, 1, 0.03, 35, 0.004, 0.001, -11.059, 0.001, 100000, 445024, 0.9, 24.8, 0.479, 0, 0, 0, 0, 
1, 9, 0, 801, 45, 7351.3, 0, 7351.3, 0.001, 0, 7.352, 0, 4.1, 0, 0.2, 24.7, 0.2, 0.09, 0.01, 0.84, 1, 0.03, 85, 0.001, 0.0003, -7.352, 0.0003, 100000, 445013, 0.9, 24.8, 0.479, 0, 0, 0, 0, 
1, 9, 0, 801, 40, 1649.7, 0, 1649.7, 0, 0, 1.651, 0, 1.8, 0, 0.2, 24.9, 0.2, 0.09, 0.01, 0.84, 1, 0.03, 85, 0.001, 0.0005, -1.65, 0.0005, 100000, 445005, 0.9, 24.8, 0.478, 0, 0, 0, 0, 
1, 9, 0, 127, 35, 1649.7, 0, 1649.7, 0, 0, 1.652, 5E-05, 1.2, 1, 1.2, 26.1, 1.2, 0.43, 0.01, 0.92, 1, 0.03, 35, 0.003, 0.0007, -1.65, 0.0006, 100000, 445004, 0.9, 24.8, 0.461, 0, 0, 0, 0, 
1, 9, 0, 801, 30, 4312.4, 0, 4312.4, 0, 0, 4.313, 0, 3.3, 0, 0.2, 26.3, 0.2, 0.09, 0.01, 0.84, 1, 0.03, 85, 0.001, 0.0004, -4.313, 0.0004, 100000, 445003, 0.9, 24.8, 0.479, 0, 0, 0, 0, 
1, 10, 0, 361, 180, 26439.1, 0, 26439.1, 5.461, 0, 26.439, 0, 5.6, 1, 5.6, 5.6, 5.6, 0.93, 0.21, 0.97, 1, 0.46, 41, 0, 0, -31.9, 0, 100000, 444999, 1.1, 15.5, 0.467, 0, 0, 0, 0, 
1, 10, 0, 801, 160, 58720.8, 0, 58720.8, 0.561, 0, 58.754, 0, 6.1, 0, 0.2, 5.8, 0.2, 0.09, 0.18, 0.97, 1, 0.44, 85, 0.033, 0.0141, -59.282, 0.0141, 100000, 444967, 1.1, 15.5, 0.467, 0, 0, 0, 0, 
1, 10, 0, 801, 155, 5637.9, 0, 5637.9, 0.045, 0, 6.02, 0, 3.7, 0, 0.2, 6, 0.2, 0.09, 0.18, 0.97, 1, 0.43, 85, 0.382, 0.1639, -5.683, 0.1639, 100000, 444908, 1.1, 15.5, 0.467, 0, 0.005, 0, 0.005, 
1, 10, 0, 361, 155, 4943.3, 0, 4943.3, 0.293, 0, 5.986, 0, 3.5, 1, 3.5, 9.5, 3.5, 0.81, 0.21, 0.97, 1, 0.26, 41, 1.043, 0.447, -5.236, 0.447, 100000, 444903, 1.1, 15.5, 0.467, 0, 0.014, 0, 0.014, 
1, 10, 0, 361, 150, 6070.9, 0, 6070.9, 0.28, 0, 6.631, 0, 3.8, 1, 3.8, 13.3, 3.8, 0.83, 0.21, 0.97, 1, 0.16, 41, 0.56, 0.24, -6.351, 0.24, 100000, 444898, 1.1, 15.5, 0.467, 0, 0.008, 0, 0.008, 
1, 10, 0, 801, 140, 12316.8, 0, 12316.8, 0.056, 0, 12.422, 0, 4.8, 0, 0.2, 13.5, 0.2, 0.09, 0.18, 0.97, 1, 0.15, 85, 0.105, 0.0451, -12.373, 0.0451, 100000, 444892, 1.1, 15.5, 0.467, 0, 0.001, 0, 0.001, 
1, 10, 0, 801, 130, 134242.2, 0, 134242.2, 0.422, 0, 134.242, 0, 6.3, 0, 0.2, 13.7, 0.2, 0.09, 0.18, 0.97, 1, 0.15, 85, 0, 0, -134.664, 0, 100000, 444880, 1.1, 15.5, 0.467, 0, 0, 0, 0, 
1, 10, 0, 361, 130, 3209.2, 0, 3209.2, 0.054, 0, 3.595, 0, 2.8, 1, 2.8, 16.5, 2.8, 0.73, 0.21, 0.97, 1, 0.1, 41, 0.386, 0.1653, -3.264, 0.1653, 100000, 444745, 1.1, 15.5, 0.467, 0, 0.005, 0, 0.005, 
1, 10, 0, 361, 125, 3527.3, 0, 3527.3, 0.047, 0, 3.782, 0, 2.9, 1, 2.9, 19.5, 2.9, 0.75, 0.21, 0.97, 1, 0.07, 41, 0.255, 0.1093, -3.574, 0.1093, 100000, 444742, 1.1, 15.5, 0.467, 0, 0.004, 0, 0.004, 
1, 10, 0, 801, 125, 57420.9, 0, 57420.9, 0.15, 0, 57.421, 0, 6.1, 0, 0.2, 19.7, 0.2, 0.09, 0.18, 0.97, 1, 0.06, 85, 0, 0, -57.571, 0, 100000, 444738, 1.1, 15.5, 0.467, 0, 0, 0, 0, 
1, 10, 0, 801, 90, 17174.3, 0, 17174.3, 0.012, 0, 17.225, 0, 5.2, 0, 0.2, 19.9, 0.2, 0.09, 0.18, 0.97, 1, 0.06, 85, 0.051, 0.0218, -17.187, 0.0218, 100000, 444681, 1.1, 15.5, 0.467, 0, 0.001, 0, 0.001, 
1, 10, 0, 801, 85, 61064.3, 0, 61064.3, 0.036, 0, 61.097, 0, 6.1, 0, 0.2, 20.1, 0.2, 0.09, 0.18, 0.97, 1, 0.06, 85, 0.032, 0.0139, -61.101, 0.0139, 100000, 444664, 1.1, 15.5, 0.467, 0, 0, 0, 0, 
1, 10, 0, 801, 65, 18938.1, 0, 18938.1, 0.005, 0, 18.991, 0, 5.3, 0, 0.2, 20.3, 0.2, 0.09, 0.18, 0.97, 1, 0.06, 85, 0.052, 0.0225, -18.943, 0.0225, 100000, 444603, 1.1, 15.5, 0.467, 0, 0.001, 0, 0.001, 
1, 10, 0, 801, 60, 6563.3, 0, 6563.3, 0.002, 0, 6.617, 0.0019, 3.9, 0, 0.2, 20.5, 0.2, 0.09, 0.18, 0.97, 1, 0.06, 85, 0.054, 0.023, -6.565, 0.0211, 100000, 444584, 1.1, 15.5, 0.467, 0, 0.001, 0, 0.001, 
1, 10, 0, 801, 50, 2746.7, 0, 2746.7, 0, 0, 2.8, 0.0028, 2.5, 0, 0.2, 20.7, 0.2, 0.09, 0.18, 0.97, 1, 0.06, 85, 0.053, 0.0227, -2.747, 0.0199, 100000, 444577, 1.1, 15.5, 0.467, 0, 0.001, 0, 0.001, 
1, 10, 0, 127, 50, 11044.8, 0, 11044.8, 0.003, 0, 11.171, 0.00013, 3.9, 1, 3.9, 24.5, 3.9, 0.84, 0.18, 0.93, 1, 0.03, 35, 0.127, 0.0316, -11.048, 0.0315, 100000, 444575, 1.1, 15.5, 0.467, 0, 0.001, 0, 0.001, 
1, 10, 0, 801, 45, 7343.9, 0, 7343.9, 0.001, 0, 7.373, 0.00091, 4.1, 0, 0.2, 24.7, 0.2, 0.09, 0.18, 0.97, 1, 0.03, 85, 0.029, 0.0126, -7.345, 0.0117, 100000, 444564, 1.1, 15.5, 0.467, 0, 0, 0, 0, 
1, 10, 0, 801, 40, 1648, 0, 1648, 0, 0, 1.677, 0.00159, 1.8, 0, 0.2, 24.9, 0.2, 0.09, 0.18, 0.97, 1, 0.03, 85, 0.029, 0.0125, -1.648, 0.0109, 100000, 444557, 1.1, 15.5, 0.467, 0, 0, 0, 0, 
1, 10, 0, 127, 35, 1648, 0, 1648, 0, 0, 1.7, 8E-05, 1.2, 1, 1.2, 26.1, 1.2, 0.43, 0.18, 0.93, 1, 0.03, 35, 0.052, 0.0131, -1.648, 0.013, 100000, 444555, 1.1, 15.5, 0.45, 0, 0, 0, 0, 
1, 10, 0, 801, 30, 4308, 0, 4308.1, 0, 0, 4.332, 0.00115, 3.3, 0, 0.2, 26.3, 0.2, 0.09, 0.18, 0.97, 1, 0.03, 85, 0.024, 0.0102, -4.308, 0.0091, 100000, 444553, 1.1, 15.5, 0.467, 0, 0, 0, 0, 
1, 11, 0, 361, 180, 26407.2, 0, 26407.2, 5.455, 0, 26.407, 0, 5.6, 1, 5.6, 5.6, 5.6, 0.93, 0.25, 0.97, 1, 0.46, 41, 0, 0, -31.862, 0, 100000, 444548, 1.2, 15.6, 0.447, 0, 0, 0, 0, 
1, 11, 0, 801, 160, 58661.5, 0, 58661.5, 0.56, 0, 58.786, 0.01415, 6.1, 0.01, 0.2, 5.8, 0.2, 0.09, 0.22, 0.98, 1, 0.44, 85, 0.125, 0.0535, -59.222, 0.0394, 100000, 444516, 1.2, 15.6, 0.447, 0, 0.002, 0, 0.002, 
1, 11, 0, 801, 155, 5632.2, 0.2, 5632.4, 0.045, 0, 6.153, 0.16392, 3.7, 0.06, 0.2, 6, 0.2, 0.1, 0.22, 0.98, 1, 0.43, 85, 0.521, 0.2231, -5.677, 0.0592, 100000, 444457, 1.2, 15.6, 0.447, 0, 0.007, 0, 0.007, 
1, 11, 0, 361, 155, 4938, 0.4, 4938.5, 0.292, 3E-05, 6.246, 0.01242, 3.5, 1, 3.5, 9.5, 3.5, 0.81, 0.25, 0.97, 1, 0.26, 41, 1.308, 0.5605, -5.23, 0.5481, 100000, 444451, 1.2, 15.6, 0.447, 0, 0.018, 0, 0.018, 
1, 11, 0, 361, 150, 6064.6, 0.2, 6064.8, 0.28, 1E-05, 6.785, 0.00667, 3.8, 1, 3.8, 13.3, 3.8, 0.83, 0.25, 0.97, 1, 0.15, 41, 0.721, 0.3089, -6.344, 0.3022, 100000, 444446, 1.2, 15.6, 0.447, 0, 0.01, 0, 0.01, 
1, 11, 0, 801, 140, 12304.4, 0, 12304.5, 0.056, 0, 12.44, 0.04511, 4.8, 0.02, 0.2, 13.5, 0.2, 0.09, 0.22, 0.98, 1, 0.15, 85, 0.136, 0.0582, -12.36, 0.0131, 100000, 444440, 1.2, 15.6, 0.447, 0, 0.002, 0, 0.002, 
1, 11, 0, 801, 130, 134107.5, 0, 134107.5, 0.422, 0, 134.108, 0, 6.3, 0, 0.2, 13.7, 0.2, 0.09, 0.22, 0.98, 1, 0.15, 85, 0, 0, -134.529, 0, 100000, 444428, 1.2, 15.6, 0.447, 0, 0, 0, 0, 
1, 11, 0, 361, 130, 3205.9, 0.2, 3206.1, 0.054, 0, 3.682, 0.00459, 2.8, 1, 2.8, 16.5, 2.8, 0.73, 0.25, 0.97, 1, 0.1, 41, 0.476, 0.2039, -3.26, 0.1993, 100000, 444294, 1.2, 15.6, 0.447, 0, 0.006, 0, 0.007, 
1, 11, 0, 361, 125, 3523.7, 0.1, 3523.8, 0.047, 0, 3.84, 0.00304, 2.9, 1, 2.9, 19.5, 2.9, 0.75, 0.25, 0.97, 1, 0.07, 41, 0.316, 0.1355, -3.57, 0.1325, 100000, 444291, 1.2, 15.6, 0.447, 0, 0.004, 0, 0.004, 
1, 11, 0, 801, 125, 57363.4, 0, 57363.4, 0.15, 0, 57.363, 0, 6.1, 0, 0.2, 19.7, 0.2, 0.09, 0.22, 0.98, 1, 0.06, 85, 0, 0, -57.513, 0, 100000, 444288, 1.2, 15.6, 0.447, 0, 0, 0, 0, 
1, 11, 0, 801, 90, 17157.2, 0, 17157.2, 0.012, 0, 17.221, 0.02181, 5.2, 0.01, 0.2, 19.9, 0.2, 0.09, 0.22, 0.98, 1, 0.06, 85, 0.064, 0.0272, -17.169, 0.0054, 100000, 444230, 1.2, 15.6, 0.447, 0, 0.001, 0, 0.001, 
1, 11, 0, 801, 85, 61003.2, 0, 61003.2, 0.036, 0, 61.048, 0.01391, 6.1, 0.01, 0.2, 20.1, 0.2, 0.09, 0.22, 0.98, 1, 0.06, 85, 0.045, 0.0192, -61.039, 0.0053, 100000, 444213, 1.2, 15.6, 0.447, 0, 0.001, 0, 0.001, 
1, 11, 0, 801, 65, 18919.1, 0, 18919.1, 0.005, 0, 18.984, 0.0225, 5.3, 0.01, 0.2, 20.3, 0.2, 0.09, 0.22, 0.98, 1, 0.06, 85, 0.064, 0.0276, -18.924, 0.0051, 100000, 444152, 1.2, 15.6, 0.447, 0, 0.001, 0, 0.001, 
1, 11, 0, 801, 60, 6556.7, 0, 6556.7, 0.002, 0, 6.622, 0.02298, 3.9, 0.01, 0.2, 20.5, 0.2, 0.09, 0.22, 0.98, 1, 0.06, 85, 0.065, 0.028, -6.558, 0.005, 100000, 444133, 1.2, 15.6, 0.447, 0, 0.001, 0, 0.001, 
1, 11, 0, 801, 50, 2744, 0, 2744, 0, 0, 2.808, 0.02266, 2.5, 0.01, 0.2, 20.7, 0.2, 0.09, 0.22, 0.98, 1, 0.06, 85, 0.064, 0.0275, -2.744, 0.0048, 100000, 444127, 1.2, 15.6, 0.447, 0, 0.001, 0, 0.001, 
1, 11, 0, 127, 50, 11033.7, 0, 11033.8, 0.003, 0, 11.188, 0.00144, 3.9, 1, 3.9, 24.5, 3.9, 0.84, 0.22, 0.93, 1, 0.03, 35, 0.154, 0.0386, -11.037, 0.0371, 100000, 444124, 1.2, 15.6, 0.447, 0, 0.001, 0, 0.001, 
1, 11, 0, 801, 45, 7336.6, 0, 7336.6, 0.001, 0, 7.372, 0.01257, 4.1, 0, 0.2, 24.7, 0.2, 0.09, 0.22, 0.98, 1, 0.03, 85, 0.036, 0.0153, -7.338, 0.0027, 100000, 444113, 1.2, 15.6, 0.447, 0, 0, 0, 0, 
1, 11, 0, 801, 40, 1646.4, 0, 1646.4, 0, 0, 1.682, 0.01246, 1.8, 0, 0.2, 24.9, 0.2, 0.09, 0.22, 0.98, 1, 0.03, 85, 0.035, 0.0151, -1.647, 0.0027, 100000, 444106, 1.2, 15.6, 0.446, 0, 0, 0, 0, 
1, 11, 0, 127, 35, 1646.4, 0, 1646.4, 0, 0, 1.71, 0.00062, 1.2, 1, 1.2, 26.1, 1.2, 0.42, 0.22, 0.93, 1, 0.03, 35, 0.064, 0.0159, -1.647, 0.0153, 100000, 444104, 1.2, 15.6, 0.431, 0, 0, 0, 0, 
1, 11, 0, 801, 30, 4303.7, 0, 4303.8, 0, 0, 4.333, 0.01022, 3.3, 0, 0.2, 26.3, 0.2, 0.09, 0.22, 0.98, 1, 0.03, 85, 0.029, 0.0124, -4.304, 0.0022, 100000, 444102, 1.2, 15.6, 0.447, 0, 0, 0, 0, 
1, 12, 0, 361, 180, 26375.3, 0, 26375.3, 5.448, 0, 31.014, 0, 5.6, 1, 5.6, 5.6, 5.6, 0.93, 1, 0.69, 1, 0.46, 41, 4.639, 1.988, -31.823, 1.988, 100000, 444098, 2.5, 10.1, 0.427, 0, 0.064, 0, 0.064, 
1, 12, 0, 801, 160, 58602.3, 0.1, 58602.3, 0.56, 0, 58.602, 0.05351, 6.1, 0.02, 0, 5.6, 0, 0, 1, 0.74, 1, 0.46, 85, 0, 0, -59.162, -0.0535, 100000, 444068, 2.5, 10.1, 0.427, 0, 0, 0, 0, 
1, 12, 0, 801, 155, 5626.6, 0.2, 5626.8, 0.045, 0, 5.627, 0.22313, 3.7, 0.08, 0, 5.6, 0, 0, 1, 0.74, 1, 0.46, 85, 0, 0, -5.671, -0.2231, 100000, 444009, 2.5, 10.1, 0.427, 0.002, 0, 0, 0, 
1, 12, 0, 361, 155, 4932.8, 1, 4933.8, 0.292, 6E-05, 9.233, 0.02764, 3.5, 1, 3.5, 9.1, 3.5, 0.81, 1, 0.69, 1, 0.28, 41, 4.3, 1.8428, -5.225, 1.8151, 100000, 444003, 2.5, 10.1, 0.427, 0, 0.059, 0, 0.059, 
1, 12, 0, 361, 150, 6058.2, 0.5, 6058.8, 0.279, 2E-05, 8.593, 0.01506, 3.8, 1, 3.8, 12.9, 3.8, 0.83, 1, 0.69, 1, 0.16, 41, 2.535, 1.0863, -6.337, 1.0712, 100000, 444000, 2.5, 10.1, 0.427, 0, 0.035, 0, 0.035, 
1, 12, 0, 801, 140, 12292.1, 0.1, 12292.1, 0.056, 0, 12.292, 0.05825, 4.8, 0.02, 0, 12.9, 0, 0, 1, 0.74, 1, 0.16, 85, 0, 0, -12.348, -0.0582, 100000, 443995, 2.5, 10.1, 0.427, 0, 0, 0, 0, 
1, 12, 0, 801, 130, 133973, 0, 133973, 0.421, 0, 133.973, 0, 6.3, 0, 0, 12.9, 0, 0, 1, 0.74, 1, 0.16, 85, 0, 0, -134.394, 0, 100000, 443982, 2.5, 10.1, 0.427, 0, 0, 0, 0, 
1, 12, 0, 361, 130, 3202.7, 0.4, 3203, 0.054, 1E-05, 4.783, 0.01013, 2.8, 1, 2.8, 15.7, 2.8, 0.73, 1, 0.69, 1, 0.11, 41, 1.581, 0.6774, -3.257, 0.6673, 100000, 443847, 2.5, 10.1, 0.427, 0, 0.022, 0, 0.022, 
1, 12, 0, 361, 125, 3520.1, 0.2, 3520.4, 0.046, 0, 4.587, 0.00672, 2.9, 1, 2.9, 18.6, 2.9, 0.75, 1, 0.69, 1, 0.07, 41, 1.067, 0.4572, -3.567, 0.4504, 100000, 443844, 2.5, 10.1, 0.427, 0, 0.015, 0, 0.015, 
1, 12, 0, 801, 125, 57305.9, 0, 57305.9, 0.15, 0, 57.306, 0, 6.1, 0, 0, 18.6, 0, 0, 1, 0.74, 1, 0.07, 85, 0, 0, -57.456, 0, 100000, 443841, 2.5, 10.1, 0.427, 0, 0, 0, 0, 
1, 12, 0, 801, 90, 17140, 0, 17140, 0.012, 0, 17.14, 0.02723, 5.2, 0.01, 0, 18.6, 0, 0, 1, 0.74, 1, 0.07, 85, 0, 0, -17.152, -0.0272, 100000, 443784, 2.5, 10.1, 0.427, 0, 0, 0, 0, 
1, 12, 0, 801, 85, 60942.2, 0, 60942.2, 0.036, 0, 60.942, 0.01919, 6.1, 0.01, 0, 18.6, 0, 0, 1, 0.74, 1, 0.07, 85, 0, 0, -60.978, -0.0192, 100000, 443766, 2.5, 10.1, 0.427, 0, 0, 0, 0, 
1, 12, 0, 801, 65, 18900.2, 0, 18900.2, 0.005, 0, 18.9, 0.02762, 5.3, 0.01, 0, 18.6, 0, 0, 1, 0.74, 1, 0.07, 85, 0, 0, -18.906, -0.0276, 100000, 443705, 2.5, 10.1, 0.427, 0, 0, 0, 0, 
1, 12, 0, 801, 60, 6550.1, 0, 6550.2, 0.002, 0, 6.55, 0.02795, 3.9, 0.01, 0, 18.6, 0, 0, 1, 0.74, 1, 0.07, 85, 0, 0, -6.552, -0.028, 100000, 443686, 2.5, 10.1, 0.427, 0, 0, 0, 0, 
1, 12, 0, 801, 50, 2741.3, 0, 2741.3, 0, 0, 2.741, 0.0275, 2.5, 0.01, 0, 18.6, 0, 0, 1, 0.74, 1, 0.07, 85, 0, 0, -2.742, -0.0275, 100000, 443679, 2.5, 10.1, 0.427, 0, 0, 0, 0, 
1, 12, 0, 127, 50, 11022.7, 0.1, 11022.8, 0.003, 0, 11.707, 0.00299, 3.9, 1, 3.9, 22.5, 3.9, 0.84, 1, 0.68, 1, 0.04, 35, 0.685, 0.1711, -11.026, 0.1682, 100000, 443676, 2.5, 10.1, 0.427, 0, 0.004, 0, 0.004, 
1, 12, 0, 801, 45, 7329.2, 0, 7329.3, 0.001, 0, 7.329, 0.01531, 4.1, 0.01, 0, 22.5, 0, 0, 1, 0.74, 1, 0.04, 85, 0, 0, -7.33, -0.0153, 100000, 443665, 2.5, 10.1, 0.427, 0, 0, 0, 0, 
1, 12, 0, 801, 40, 1644.8, 0, 1644.8, 0, 0, 1.645, 0.01512, 1.8, 0.01, 0, 22.5, 0, 0, 1, 0.74, 1, 0.04, 85, 0, 0, -1.645, -0.0151, 100000, 443657, 2.5, 10.1, 0.426, 0, 0, 0, 0, 
1, 12, 0, 127, 35, 1644.8, 0, 1644.8, 0, 0, 1.94, 0.00126, 1.2, 1, 1.2, 23.7, 1.2, 0.42, 1, 0.68, 1, 0.04, 35, 0.295, 0.0738, -1.645, 0.0725, 100000, 443656, 2.5, 10.1, 0.411, 0, 0.002, 0, 0.002, 
1, 12, 0, 801, 30, 4299.4, 0, 4299.4, 0, 0, 4.299, 0.01241, 3.3, 0, 0, 23.7, 0, 0, 1, 0.74, 1, 0.04, 85, 0, 0, -4.3, -0.0124, 100000, 443655, 2.5, 10.1, 0.427, 0, 0, 0, 0, 
1, 1, 0, 361, 180, 26343.5, 2, 26345.5, 5.442, 0.00041, 33.592, 0.05522, 5.6, 1, 5.6, 5.6, 5.6, 0.93, 1, 0.91, 1, 0.46, 41, 7.249, 3.1065, -31.785, 3.0509, 100000, 443651, 6.2, 13.8, 0.378, 0, 0.099, 0.001, 0.1, 
1, 1, 0, 801, 160, 58543.1, 0, 58543.1, 0.559, 0, 58.543, 0, 6.1, 0, 0, 5.6, 0, 0, 1, 0.92, 1, 0.46, 85, 0, 0, -59.102, 0, 100000, 443622, 6.2, 13.8, 0.378, 0.001, 0, 0, 0, 
1, 1, 0, 801, 155, 5620.9, 0, 5620.9, 0.045, 0, 5.621, 0, 3.7, 0, 0, 5.6, 0, 0, 1, 0.92, 1, 0.46, 85, 0, 0, -5.665, 0, 100000, 443563, 6.2, 13.8, 0.378, 0.004, 0, 0, 0, 
1, 1, 0, 361, 155, 4927.6, 2.8, 4930.4, 0.292, 0.00017, 10.617, 0.07806, 3.5, 1, 3.5, 9.1, 3.5, 0.81, 1, 0.91, 1, 0.28, 41, 5.689, 2.4382, -5.219, 2.36, 100000, 443558, 6.2, 13.8, 0.378, 0, 0.077, 0.001, 0.078, 
1, 1, 0, 361, 150, 6051.9, 1.6, 6053.5, 0.279, 7E-05, 9.43, 0.04482, 3.8, 1, 3.8, 12.9, 3.8, 0.83, 1, 0.91, 1, 0.16, 41, 3.378, 1.4476, -6.331, 1.4027, 100000, 443555, 6.2, 13.8, 0.378, 0, 0.046, 0.001, 0.046, 
1, 1, 0, 801, 140, 12279.7, 0, 12279.7, 0.056, 0, 12.28, 0, 4.8, 0, 0, 12.9, 0, 0, 1, 0.92, 1, 0.16, 85, 0, 0, -12.336, 0, 100000, 443550, 6.2, 13.8, 0.378, 0.001, 0, 0, 0, 
1, 1, 0, 801, 130, 133838.6, 0, 133838.6, 0.421, 0, 133.839, 0, 6.3, 0, 0, 12.9, 0, 0, 1, 0.92, 1, 0.16, 85, 0, 0, -134.259, 0, 100000, 443538, 6.2, 13.8, 0.378, 0, 0, 0, 0, 
1, 1, 0, 361, 130, 3199.4, 1, 3200.4, 0.054, 2E-05, 5.28, 0.02866, 2.8, 1, 2.8, 15.7, 2.8, 0.73, 1, 0.91, 1, 0.11, 41, 2.081, 0.8917, -3.254, 0.863, 100000, 443404, 6.2, 13.8, 0.378, 0, 0.028, 0, 0.029, 
1, 1, 0, 361, 125, 3516.5, 0.7, 3517.2, 0.046, 1E-05, 4.923, 0.01923, 2.9, 1, 2.9, 18.6, 2.9, 0.75, 1, 0.91, 1, 0.07, 41, 1.407, 0.6028, -3.563, 0.5836, 100000, 443402, 6.2, 13.8, 0.378, 0, 0.019, 0, 0.019, 
1, 1, 0, 801, 125, 57248.4, 0, 57248.4, 0.15, 0, 57.248, 0, 6.1, 0, 0, 18.6, 0, 0, 1, 0.92, 1, 0.07, 85, 0, 0, -57.398, 0, 100000, 443399, 6.2, 13.8, 0.378, 0, 0, 0, 0, 
1, 1, 0, 801, 90, 17122.8, 0, 17122.8, 0.012, 0, 17.123, 0, 5.2, 0, 0, 18.6, 0, 0, 1, 0.92, 1, 0.07, 85, 0, 0, -17.135, 0, 100000, 443342, 6.2, 13.8, 0.378, 0, 0, 0, 0, 
1, 1, 0, 801, 85, 60881.2, 0, 60881.2, 0.036, 0, 60.881, 0, 6.1, 0, 0, 18.6, 0, 0, 1, 0.92, 1, 0.07, 85, 0, 0, -60.917, 0, 100000, 443325, 6.2, 13.8, 0.378, 0, 0, 0, 0, 
1, 1, 0, 801, 65, 18881.3, 0, 18881.3, 0.005, 0, 18.881, 0, 5.3, 0, 0, 18.6, 0, 0, 1, 0.92, 1, 0.07, 85, 0, 0, -18.887, 0, 100000, 443264, 6.2, 13.8, 0.378, 0, 0, 0, 0, 
1, 1, 0, 801, 60, 6543.6, 0, 6543.6, 0.002, 0, 6.544, 0, 3.9, 0, 0, 18.6, 0, 0, 1, 0.92, 1, 0.07, 85, 0, 0, -6.545, 0, 100000, 443245, 6.2, 13.8, 0.378, 0.001, 0, 0, 0, 
1, 1, 0, 801, 50, 2738.5, 0, 2738.5, 0, 0, 2.739, 0, 2.5, 0, 0, 18.6, 0, 0, 1, 0.92, 1, 0.07, 85, 0, 0, -2.739, 0, 100000, 443239, 6.2, 13.8, 0.378, 0.001, 0, 0, 0, 
1, 1, 0, 127, 50, 11011.7, 0.2, 11011.9, 0.003, 0, 11.877, 0.00999, 3.9, 1, 3.9, 22.5, 3.9, 0.84, 1, 0.86, 1, 0.04, 35, 0.865, 0.2163, -11.015, 0.2063, 100000, 443236, 6.2, 13.8, 0.378, 0, 0.005, 0, 0.005, 
1, 1, 0, 801, 45, 7321.9, 0, 7321.9, 0.001, 0, 7.322, 0, 4.1, 0, 0, 22.5, 0, 0, 1, 0.92, 1, 0.04, 85, 0, 0, -7.323, 0, 100000, 443226, 6.2, 13.8, 0.378, 0, 0, 0, 0, 
1, 1, 0, 801, 40, 1643.1, 0, 1643.1, 0, 0, 1.643, 0, 1.8, 0, 0, 22.5, 0, 0, 1, 0.92, 1, 0.04, 85, 0, 0, -1.643, 0, 100000, 443219, 6.2, 13.8, 0.377, 0, 0, 0, 0, 
1, 1, 0, 127, 35, 1643.1, 0.1, 1643.2, 0, 0, 2.016, 0.00428, 1.2, 1, 1.2, 23.7, 1.2, 0.42, 1, 0.86, 1, 0.04, 35, 0.373, 0.0931, -1.643, 0.0888, 100000, 443217, 6.2, 13.8, 0.364, 0, 0.002, 0, 0.002, 
1, 1, 0, 801, 30, 4295.1, 0, 4295.1, 0, 0, 4.295, 0, 3.3, 0, 0, 23.7, 0, 0, 1, 0.92, 1, 0.04, 85, 0, 0, -4.295, 0, 100000, 443215, 6.2, 13.8, 0.378, 0, 0, 0, 0, 
1, 2, 0, 361, 180, 26311.7, 5, 26316.7, 5.435, 0.00104, 32.78, 0.13997, 5.6, 1, 5.6, 5.6, 5.6, 0.93, 1, 0.84, 1, 0.46, 41, 6.469, 2.7722, -31.747, 2.6312, 100000, 443210, 6.2, 12.5, 0.344, 0, 0.087, 0.002, 0.089, 
1, 2, 0, 801, 160, 58484, 0, 58484, 0.559, 0, 58.484, 0, 6.1, 0, 0, 5.6, 0, 0, 1, 0.87, 1, 0.46, 85, 0, 0, -59.043, 0, 100000, 443181, 6.2, 12.5, 0.344, 0.001, 0, 0, 0, 
1, 2, 0, 801, 155, 5615.2, 0, 5615.2, 0.045, 0, 5.615, 0, 3.7, 0, 0, 5.6, 0, 0, 1, 0.87, 1, 0.46, 85, 0, 0, -5.66, 0, 100000, 443121, 6.2, 12.5, 0.344, 0.004, 0, 0, 0, 
1, 2, 0, 361, 155, 4922.3, 5.2, 4927.5, 0.291, 0.00031, 10.194, 0.14362, 3.5, 1, 3.5, 9.1, 3.5, 0.81, 1, 0.84, 1, 0.28, 41, 5.272, 2.2593, -5.214, 2.1154, 100000, 443115, 6.2, 12.5, 0.344, 0, 0.071, 0.002, 0.073, 
1, 2, 0, 361, 150, 6045.5, 3, 6048.6, 0.279, 0.00014, 9.171, 0.08378, 3.8, 1, 3.8, 12.9, 3.8, 0.83, 1, 0.84, 1, 0.16, 41, 3.126, 1.3396, -6.324, 1.2556, 100000, 443112, 6.2, 12.5, 0.344, 0, 0.042, 0.001, 0.043, 
1, 2, 0, 801, 140, 12267.4, 0, 12267.4, 0.056, 0, 12.267, 0, 4.8, 0, 0, 12.9, 0, 0, 1, 0.87, 1, 0.16, 85, 0, 0, -12.323, 0, 100000, 443107, 6.2, 12.5, 0.344, 0.001, 0, 0, 0, 
1, 2, 0, 801, 130, 133704.3, 0, 133704.3, 0.42, 0, 133.704, 0, 6.3, 0, 0, 12.9, 0, 0, 1, 0.87, 1, 0.16, 85, 0, 0, -134.125, 0, 100000, 443095, 6.2, 12.5, 0.344, 0, 0, 0, 0, 
1, 2, 0, 361, 130, 3196.2, 1.9, 3198, 0.054, 3E-05, 5.127, 0.05263, 2.8, 1, 2.8, 15.7, 2.8, 0.73, 1, 0.84, 1, 0.11, 41, 1.931, 0.8277, -3.25, 0.775, 100000, 442961, 6.2, 12.5, 0.344, 0, 0.026, 0.001, 0.027, 
1, 2, 0, 361, 125, 3513, 1.3, 3514.3, 0.046, 2E-05, 4.818, 0.03544, 2.9, 1, 2.9, 18.6, 2.9, 0.75, 1, 0.84, 1, 0.07, 41, 1.305, 0.5595, -3.559, 0.524, 100000, 442958, 6.2, 12.5, 0.344, 0, 0.017, 0, 0.018, 
1, 2, 0, 801, 125, 57191, 0, 57191, 0.149, 0, 57.191, 0, 6, 0, 0, 18.6, 0, 0, 1, 0.87, 1, 0.07, 85, 0, 0, -57.34, 0, 100000, 442955, 6.2, 12.5, 0.344, 0, 0, 0, 0, 
1, 2, 0, 801, 90, 17105.7, 0, 17105.7, 0.012, 0, 17.106, 0, 5.2, 0, 0, 18.6, 0, 0, 1, 0.87, 1, 0.07, 85, 0, 0, -17.118, 0, 100000, 442897, 6.2, 12.5, 0.344, 0, 0, 0, 0, 
1, 2, 0, 801, 85, 60820.3, 0, 60820.3, 0.036, 0, 60.82, 0, 6.1, 0, 0, 18.6, 0, 0, 1, 0.87, 1, 0.07, 85, 0, 0, -60.856, 0, 100000, 442880, 6.2, 12.5, 0.344, 0, 0, 0, 0, 
1, 2, 0, 801, 65, 18862.4, 0, 18862.4, 0.005, 0, 18.862, 0, 5.3, 0, 0, 18.6, 0, 0, 1, 0.87, 1, 0.07, 85, 0, 0, -18.868, 0, 100000, 442819, 6.2, 12.5, 0.344, 0, 0, 0, 0, 
1, 2, 0, 801, 60, 6537, 0, 6537, 0.002, 0, 6.537, 0, 3.9, 0, 0, 18.6, 0, 0, 1, 0.87, 1, 0.07, 85, 0, 0, -6.539, 0, 100000, 442800, 6.2, 12.5, 0.344, 0.001, 0, 0, 0, 
1, 2, 0, 801, 50, 2735.8, 0, 2735.8, 0, 0, 2.736, 0, 2.5, 0, 0, 18.6, 0, 0, 1, 0.87, 1, 0.07, 85, 0, 0, -2.736, 0, 100000, 442793, 6.2, 12.5, 0.344, 0.001, 0, 0, 0, 
1, 2, 0, 127, 50, 11000.7, 0.4, 11001.1, 0.003, 0, 11.808, 0.01859, 3.9, 1, 3.9, 22.5, 3.9, 0.84, 1, 0.81, 1, 0.04, 35, 0.808, 0.2019, -11.004, 0.1833, 100000, 442791, 6.2, 12.5, 0.344, 0, 0.005, 0, 0.005, 
1, 2, 0, 801, 45, 7314.6, 0, 7314.6, 0.001, 0, 7.315, 0, 4.1, 0, 0, 22.5, 0, 0, 1, 0.87, 1, 0.04, 85, 0, 0, -7.316, 0, 100000, 442780, 6.2, 12.5, 0.344, 0, 0, 0, 0, 
1, 2, 0, 801, 40, 1641.5, 0, 1641.5, 0, 0, 1.641, 0, 1.8, 0, 0, 22.5, 0, 0, 1, 0.87, 1, 0.04, 85, 0, 0, -1.642, 0, 100000, 442773, 6.2, 12.5, 0.343, 0, 0, 0, 0, 
1, 2, 0, 127, 35, 1641.5, 0.2, 1641.7, 0, 0, 1.989, 0.00798, 1.2, 1, 1.2, 23.7, 1.2, 0.42, 1, 0.81, 1, 0.04, 35, 0.348, 0.0869, -1.642, 0.0789, 100000, 442771, 6.2, 12.5, 0.331, 0, 0.002, 0, 0.002, 
1, 2, 0, 801, 30, 4290.8, 0, 4290.8, 0, 0, 4.291, 0, 3.3, 0, 0, 23.7, 0, 0, 1, 0.87, 1, 0.04, 85, 0, 0, -4.291, 0, 100000, 442770, 6.2, 12.5, 0.344, 0, 0, 0, 0, 
1, 3, 0, 361, 180, 26280, 7.7, 26287.6, 5.428, 0.00158, 32.119, 0.21306, 5.6, 1, 5.6, 5.6, 5.6, 0.93, 1, 0.79, 1, 0.46, 41, 5.839, 2.5023, -31.708, 2.2876, 100000, 442766, 7.9, 11.6, 0.336, 0, 0.077, 0.003, 0.08, 
1, 3, 0, 801, 160, 58425, 0, 58425, 0.558, 0, 58.425, 0, 6.1, 0, 0, 5.6, 0, 0, 1, 0.83, 1, 0.46, 85, 0, 0, -58.983, 0, 100000, 442737, 7.9, 11.6, 0.336, 0.001, 0, 0, 0, 
1, 3, 0, 801, 155, 5609.6, 0, 5609.6, 0.045, 0, 5.61, 0, 3.7, 0, 0, 5.6, 0, 0, 1, 0.83, 1, 0.46, 85, 0, 0, -5.654, 0, 100000, 442679, 7.9, 11.6, 0.336, 0.004, 0, 0, 0, 
1, 3, 0, 361, 155, 4917.1, 7.3, 4924.4, 0.291, 0.00043, 9.851, 0.20238, 3.5, 1, 3.5, 9.1, 3.5, 0.81, 1, 0.79, 1, 0.28, 41, 4.934, 2.1147, -5.208, 1.9119, 100000, 442673, 7.9, 11.6, 0.336, 0, 0.065, 0.003, 0.068, 
1, 3, 0, 361, 150, 6039.2, 4.3, 6043.5, 0.278, 0.0002, 8.961, 0.11866, 3.8, 1, 3.8, 12.9, 3.8, 0.83, 1, 0.79, 1, 0.16, 41, 2.922, 1.2523, -6.318, 1.1334, 100000, 442670, 7.9, 11.6, 0.336, 0, 0.039, 0.002, 0.04, 
1, 3, 0, 801, 140, 12255.1, 0, 12255.1, 0.056, 0, 12.255, 0, 4.8, 0, 0, 12.9, 0, 0, 1, 0.83, 1, 0.16, 85, 0, 0, -12.311, 0, 100000, 442665, 7.9, 11.6, 0.336, 0.001, 0, 0, 0, 
1, 3, 0, 801, 130, 133570.2, 0, 133570.2, 0.42, 0, 133.57, 0, 6.3, 0, 0, 12.9, 0, 0, 1, 0.83, 1, 0.16, 85, 0, 0, -133.99, 0, 100000, 442652, 7.9, 11.6, 0.336, 0, 0, 0, 0, 
1, 3, 0, 361, 130, 3192.9, 2.7, 3195.6, 0.054, 5E-05, 5.003, 0.07416, 2.8, 1, 2.8, 15.7, 2.8, 0.73, 1, 0.79, 1, 0.11, 41, 1.811, 0.776, -3.247, 0.7017, 100000, 442518, 7.9, 11.6, 0.336, 0, 0.024, 0.001, 0.025, 
1, 3, 0, 361, 125, 3509.4, 1.8, 3511.2, 0.046, 2E-05, 4.733, 0.04999, 2.9, 1, 2.9, 18.6, 2.9, 0.75, 1, 0.79, 1, 0.07, 41, 1.224, 0.5245, -3.556, 0.4745, 100000, 442516, 7.9, 11.6, 0.336, 0, 0.016, 0.001, 0.017, 
1, 3, 0, 801, 125, 57133.7, 0, 57133.7, 0.149, 0, 57.134, 0, 6, 0, 0, 18.6, 0, 0, 1, 0.83, 1, 0.07, 85, 0, 0, -57.283, 0, 100000, 442513, 7.9, 11.6, 0.336, 0, 0, 0, 0, 
1, 3, 0, 801, 90, 17088.6, 0, 17088.6, 0.012, 0, 17.089, 0, 5.2, 0, 0, 18.6, 0, 0, 1, 0.83, 1, 0.07, 85, 0, 0, -17.101, 0, 100000, 442456, 7.9, 11.6, 0.336, 0, 0, 0, 0, 
1, 3, 0, 801, 85, 60759.4, 0, 60759.4, 0.036, 0, 60.759, 0, 6.1, 0, 0, 18.6, 0, 0, 1, 0.83, 1, 0.07, 85, 0, 0, -60.796, 0, 100000, 442439, 7.9, 11.6, 0.336, 0, 0, 0, 0, 
1, 3, 0, 801, 65, 18843.5, 0, 18843.5, 0.005, 0, 18.844, 0, 5.3, 0, 0, 18.6, 0, 0, 1, 0.83, 1, 0.07, 85, 0, 0, -18.849, 0, 100000, 442378, 7.9, 11.6, 0.336, 0, 0, 0, 0, 
1, 3, 0, 801, 60, 6530.5, 0, 6530.5, 0.002, 0, 6.531, 0, 3.9, 0, 0, 18.6, 0, 0, 1, 0.83, 1, 0.07, 85, 0, 0, -6.532, 0, 100000, 442359, 7.9, 11.6, 0.336, 0.001, 0, 0, 0, 
1, 3, 0, 801, 50, 2733, 0, 2733, 0, 0, 2.733, 0, 2.5, 0, 0, 18.6, 0, 0, 1, 0.83, 1, 0.07, 85, 0, 0, -2.733, 0, 100000, 442352, 7.9, 11.6, 0.336, 0.001, 0, 0, 0, 
1, 3, 0, 127, 50, 10989.7, 0.6, 10990.3, 0.003, 0, 11.754, 0.02623, 3.9, 1, 3.9, 22.5, 3.9, 0.84, 1, 0.76, 1, 0.04, 35, 0.765, 0.1911, -10.993, 0.1649, 100000, 442349, 7.9, 11.6, 0.336, 0, 0.005, 0, 0.005, 
1, 3, 0, 801, 45, 7307.3, 0, 7307.3, 0.001, 0, 7.307, 0, 4.1, 0, 0, 22.5, 0, 0, 1, 0.83, 1, 0.04, 85, 0, 0, -7.308, 0, 100000, 442338, 7.9, 11.6, 0.336, 0, 0, 0, 0, 
1, 3, 0, 801, 40, 1639.8, 0, 1639.8, 0, 0, 1.64, 0, 1.8, 0, 0, 22.5, 0, 0, 1, 0.83, 1, 0.04, 85, 0, 0, -1.64, 0, 100000, 442330, 7.9, 11.6, 0.335, 0, 0, 0, 0, 
1, 3, 0, 127, 35, 1639.8, 0.3, 1640.1, 0, 0, 1.969, 0.01127, 1.2, 1, 1.2, 23.7, 1.2, 0.42, 1, 0.76, 1, 0.04, 35, 0.329, 0.0823, -1.64, 0.071, 100000, 442329, 7.9, 11.6, 0.324, 0, 0.002, 0, 0.002, 
1, 3, 0, 801, 30, 4286.6, 0, 4286.6, 0, 0, 4.287, 0, 3.3, 0, 0, 23.7, 0, 0, 1, 0.83, 1, 0.04, 85, 0, 0, -4.287, 0, 100000, 442327, 7.9, 11.6, 0.336, 0, 0, 0, 0, 
1, 4, 0, 361, 180, 26248.2, 10, 26258.2, 5.422, 0.00206, 34.483, 0.2766, 5.6, 1, 5.6, 5.6, 5.6, 0.93, 1, 0.99, 1, 0.46, 41, 8.234, 3.5291, -31.67, 3.2504, 100000, 442323, 9.4, 16.5, 0.335, 0, 0.109, 0.004, 0.113, 
1, 4, 0, 801, 160, 58366, 0, 58366, 0.557, 0, 60.326, 0, 6.1, 0, 0.2, 5.8, 0.2, 0.09, 1, 0.99, 1, 0.44, 85, 1.96, 0.8399, -58.923, 0.8399, 100000, 442294, 9.4, 16.5, 0.335, 0.001, 0.025, 0.001, 0.026, 
1, 4, 0, 801, 155, 5603.9, 0, 5603.9, 0.044, 0, 7.858, 0, 3.7, 0, 0.2, 6, 0.2, 0.09, 1, 0.99, 1, 0.43, 85, 2.254, 0.966, -5.648, 0.966, 100000, 442235, 9.4, 16.5, 0.335, 0.004, 0.026, 0.004, 0.03, 
1, 4, 0, 361, 155, 4911.9, 9.2, 4921.1, 0.291, 0.00054, 10.772, 0.25549, 3.5, 1, 3.5, 9.5, 3.5, 0.81, 1, 0.99, 1, 0.27, 41, 5.86, 2.5116, -5.203, 2.2556, 100000, 442231, 9.4, 16.5, 0.335, 0, 0.077, 0.004, 0.081, 
1, 4, 0, 361, 150, 6032.9, 5.4, 6038.3, 0.278, 0.00025, 9.518, 0.15014, 3.8, 1, 3.8, 13.3, 3.8, 0.83, 1, 0.99, 1, 0.16, 41, 3.485, 1.4935, -6.311, 1.3431, 100000, 442228, 9.4, 16.5, 0.335, 0, 0.046, 0.002, 0.048, 
1, 4, 0, 801, 140, 12242.8, 0, 12242.8, 0.056, 0, 13.004, 0, 4.8, 0, 0.2, 13.5, 0.2, 0.09, 1, 0.99, 1, 0.15, 85, 0.761, 0.3263, -12.298, 0.3263, 100000, 442223, 9.4, 16.5, 0.335, 0.001, 0.009, 0.001, 0.01, 
1, 4, 0, 801, 130, 133436.2, 0, 133436.2, 0.419, 0, 133.921, 0, 6.3, 0, 0.2, 13.7, 0.2, 0.09, 1, 0.99, 1, 0.15, 85, 0.485, 0.2077, -133.856, 0.2077, 100000, 442211, 9.4, 16.5, 0.335, 0, 0.006, 0, 0.006, 
1, 4, 0, 361, 130, 3189.7, 3.4, 3193, 0.054, 6E-05, 5.215, 0.09365, 2.8, 1, 2.8, 16.5, 2.8, 0.73, 1, 0.99, 1, 0.1, 41, 2.026, 0.8682, -3.244, 0.7744, 100000, 442077, 9.4, 16.5, 0.335, 0, 0.027, 0.001, 0.028, 
1, 4, 0, 361, 125, 3505.9, 2.3, 3508.1, 0.046, 3E-05, 4.876, 0.06317, 2.9, 1, 2.9, 19.4, 2.9, 0.75, 1, 0.99, 1, 0.07, 41, 1.37, 0.5873, -3.552, 0.5241, 100000, 442074, 9.4, 16.5, 0.335, 0, 0.018, 0.001, 0.019, 
1, 4, 0, 801, 125, 57076.4, 0, 57076.4, 0.149, 0, 57.312, 0, 6, 0, 0.2, 19.6, 0.2, 0.09, 1, 0.99, 1, 0.06, 85, 0.235, 0.1008, -57.225, 0.1008, 100000, 442071, 9.4, 16.5, 0.335, 0, 0.003, 0, 0.003, 
1, 4, 0, 801, 90, 17071.5, 0, 17071.5, 0.012, 0, 17.393, 0, 5.2, 0, 0.2, 19.8, 0.2, 0.09, 1, 0.99, 1, 0.06, 85, 0.322, 0.1379, -17.084, 0.1379, 100000, 442014, 9.4, 16.5, 0.335, 0, 0.004, 0, 0.004, 
1, 4, 0, 801, 85, 60698.6, 0, 60698.6, 0.036, 0, 60.995, 0, 6.1, 0, 0.2, 20, 0.2, 0.09, 1, 0.99, 1, 0.06, 85, 0.296, 0.1268, -60.735, 0.1268, 100000, 441997, 9.4, 16.5, 0.335, 0, 0.004, 0, 0.004, 
1, 4, 0, 801, 65, 18824.7, 0, 18824.7, 0.005, 0, 19.133, 0, 5.3, 0, 0.2, 20.2, 0.2, 0.09, 1, 0.99, 1, 0.06, 85, 0.309, 0.1323, -18.83, 0.1323, 100000, 441937, 9.4, 16.5, 0.335, 0, 0.004, 0, 0.004, 
1, 4, 0, 801, 60, 6524, 0, 6524, 0.002, 0, 6.827, 0, 3.9, 0, 0.2, 20.4, 0.2, 0.09, 1, 0.99, 1, 0.06, 85, 0.303, 0.1297, -6.526, 0.1297, 100000, 441918, 9.4, 16.5, 0.335, 0.001, 0.003, 0.001, 0.004, 
1, 4, 0, 801, 50, 2730.3, 0, 2730.3, 0, 0, 3.025, 0, 2.5, 0, 0.2, 20.6, 0.2, 0.09, 1, 0.99, 1, 0.06, 85, 0.295, 0.1264, -2.731, 0.1264, 100000, 441912, 9.4, 16.5, 0.335, 0.001, 0.003, 0.001, 0.004, 
1, 4, 0, 127, 50, 10978.7, 0.8, 10979.5, 0.003, 0, 11.704, 0.0331, 3.9, 1, 3.9, 24.5, 3.9, 0.84, 1, 0.96, 1, 0.03, 35, 0.725, 0.1812, -10.982, 0.1481, 100000, 441909, 9.4, 16.5, 0.335, 0, 0.004, 0, 0.005, 
1, 4, 0, 801, 45, 7300, 0, 7300, 0.001, 0, 7.466, 0, 4.1, 0, 0.2, 24.7, 0.2, 0.09, 1, 0.99, 1, 0.03, 85, 0.166, 0.0713, -7.301, 0.0713, 100000, 441898, 9.4, 16.5, 0.335, 0, 0.002, 0, 0.002, 
1, 4, 0, 801, 40, 1638.2, 0, 1638.2, 0, 0, 1.8, 0, 1.8, 0, 0.2, 24.9, 0.2, 0.09, 1, 0.99, 1, 0.03, 85, 0.162, 0.0695, -1.638, 0.0695, 100000, 441891, 9.4, 16.5, 0.335, 0, 0.002, 0, 0.002, 
1, 4, 0, 127, 35, 1638.2, 0.3, 1638.5, 0, 0, 1.933, 0.01423, 1.2, 1, 1.2, 26.1, 1.2, 0.42, 1, 0.96, 1, 0.03, 35, 0.295, 0.0737, -1.638, 0.0595, 100000, 441889, 9.4, 16.5, 0.323, 0, 0.002, 0, 0.002, 
1, 4, 0, 801, 30, 4282.3, 0, 4282.3, 0, 0, 4.416, 0, 3.3, 0, 0.2, 26.3, 0.2, 0.09, 1, 0.99, 1, 0.03, 85, 0.134, 0.0573, -4.283, 0.0573, 100000, 441887, 9.4, 16.5, 0.335, 0, 0.002, 0, 0.002, 
1, 5, 0, 361, 180, 26216.6, 13.2, 26229.8, 5.415, 0.00273, 34.285, 0.36689, 5.6, 1, 5.6, 5.6, 5.6, 0.93, 1, 0.97, 1, 0.46, 41, 8.069, 3.458, -31.632, 3.0884, 100000, 441883, 8, 20.3, 0.338, 0, 0.106, 0.005, 0.111, 
1, 5, 0, 801, 160, 58307.1, 0.8, 58307.9, 0.557, 1E-05, 68.18, 0, 6.1, 0.27, 1.6, 7.2, 1.6, 0.54, 0.9, 0.98, 1, 0.36, 85, 9.873, 4.2312, -58.864, 4.2311, 100000, 441855, 8, 20.3, 0.338, 0, 0.13, 0, 0.13, 
1, 5, 0, 801, 155, 5598.3, 1, 5599.2, 0.044, 1E-05, 12.265, 0, 3.7, 0.3, 1.1, 8.4, 1.1, 0.41, 0.9, 0.98, 1, 0.31, 85, 6.666, 2.8571, -5.643, 2.8571, 100000, 441801, 8, 20.3, 0.338, 0, 0.088, 0, 0.088, 
1, 5, 0, 361, 155, 4906.7, 11.5, 4918.2, 0.29, 0.00068, 8.997, 0.31814, 3.5, 1, 3.5, 11.8, 3.5, 0.81, 1, 0.97, 1, 0.19, 41, 4.09, 1.7529, -5.197, 1.434, 100000, 441798, 8, 20.3, 0.338, 0, 0.052, 0.004, 0.056, 
1, 5, 0, 361, 150, 6026.6, 6.7, 6033.3, 0.278, 0.00031, 8.438, 0.18745, 3.8, 1, 3.8, 15.6, 3.8, 0.83, 1, 0.97, 1, 0.11, 41, 2.411, 1.0334, -6.304, 0.8457, 100000, 441794, 8, 20.3, 0.338, 0, 0.031, 0.003, 0.033, 
1, 5, 0, 801, 140, 12230.5, 0.3, 12230.8, 0.056, 0, 13.443, 0, 4.8, 0.12, 0.6, 16.2, 0.6, 0.23, 0.9, 0.98, 1, 0.1, 85, 1.213, 0.5198, -12.286, 0.5198, 100000, 441788, 8, 20.3, 0.338, 0, 0.016, 0, 0.016, 
1, 5, 0, 801, 130, 133302.4, 0.2, 133302.6, 0.419, 0, 134.024, 0, 6.3, 0.08, 0.5, 16.7, 0.5, 0.2, 0.9, 0.98, 1, 0.1, 85, 0.721, 0.3091, -133.721, 0.3091, 100000, 441777, 8, 20.3, 0.338, 0, 0.009, 0, 0.009, 
1, 5, 0, 361, 130, 3186.4, 4.1, 3190.6, 0.054, 7E-05, 4.487, 0.11517, 2.8, 1, 2.8, 19.5, 2.8, 0.73, 1, 0.97, 1, 0.07, 41, 1.3, 0.5573, -3.24, 0.4421, 100000, 441644, 8, 20.3, 0.338, 0, 0.016, 0.002, 0.018, 
1, 5, 0, 361, 125, 3502.3, 2.8, 3505.1, 0.046, 4E-05, 4.38, 0.07773, 2.9, 1, 2.9, 22.4, 2.9, 0.75, 1, 0.97, 1, 0.04, 41, 0.878, 0.3761, -3.549, 0.2983, 100000, 441641, 8, 20.3, 0.338, 0, 0.011, 0.001, 0.012, 
1, 5, 0, 801, 125, 57019.2, 0.1, 57019.3, 0.149, 0, 57.137, 0, 6, 0.04, 0.2, 22.6, 0.2, 0.1, 0.9, 0.98, 1, 0.04, 85, 0.118, 0.0506, -57.168, 0.0506, 100000, 441637, 8, 20.3, 0.338, 0, 0.002, 0, 0.002, 
1, 5, 0, 801, 90, 17054.4, 0.1, 17054.5, 0.012, 0, 17.294, 0, 5.2, 0.05, 0.3, 22.9, 0.3, 0.12, 0.9, 0.98, 1, 0.04, 85, 0.24, 0.1027, -17.067, 0.1027, 100000, 441580, 8, 20.3, 0.338, 0, 0.003, 0, 0.003, 
1, 5, 0, 801, 85, 60637.9, 0.1, 60638, 0.036, 0, 60.868, 0, 6.1, 0.05, 0.3, 23.2, 0.3, 0.12, 0.9, 0.98, 1, 0.04, 85, 0.23, 0.0987, -60.674, 0.0987, 100000, 441563, 8, 20.3, 0.338, 0, 0.003, 0, 0.003, 
1, 5, 0, 801, 65, 18805.8, 0.1, 18806, 0.005, 0, 19.027, 0, 5.3, 0.05, 0.3, 23.4, 0.3, 0.11, 0.9, 0.98, 1, 0.04, 85, 0.222, 0.095, -18.811, 0.095, 100000, 441502, 8, 20.3, 0.338, 0, 0.003, 0, 0.003, 
1, 5, 0, 801, 60, 6517.5, 0.1, 6517.6, 0.002, 0, 6.689, 0, 3.9, 0.05, 0.2, 23.6, 0.2, 0.09, 0.9, 0.98, 1, 0.04, 85, 0.172, 0.0735, -6.519, 0.0735, 100000, 441484, 8, 20.3, 0.338, 0, 0.002, 0, 0.002, 
1, 5, 0, 801, 50, 2727.6, 0.1, 2727.7, 0, 0, 2.895, 0, 2.5, 0.05, 0.2, 23.8, 0.2, 0.09, 0.9, 0.98, 1, 0.04, 85, 0.168, 0.0718, -2.728, 0.0718, 100000, 441478, 8, 20.3, 0.338, 0, 0.002, 0, 0.002, 
1, 5, 0, 127, 50, 10967.7, 0.9, 10968.6, 0.003, 0, 11.403, 0.03927, 3.9, 1, 3.9, 27.7, 3.9, 0.84, 0.9, 1, 1, 0.02, 35, 0.436, 0.1089, -10.971, 0.0696, 100000, 441476, 8, 20.3, 0.338, 0, 0.003, 0, 0.003, 
1, 5, 0, 801, 45, 7292.7, 0.1, 7292.7, 0.001, 0, 7.387, 0, 4.1, 0.03, 0.2, 27.9, 0.2, 0.09, 0.9, 0.98, 1, 0.02, 85, 0.094, 0.0404, -7.294, 0.0404, 100000, 441465, 8, 20.3, 0.338, 0, 0.001, 0, 0.001, 
1, 5, 0, 801, 40, 1636.5, 0.1, 1636.6, 0, 0, 1.729, 0, 1.8, 0.03, 0.2, 28.1, 0.2, 0.09, 0.9, 0.98, 1, 0.02, 85, 0.092, 0.0395, -1.637, 0.0395, 100000, 441458, 8, 20.3, 0.338, 0, 0.001, 0, 0.001, 
1, 5, 0, 127, 35, 1636.5, 0.4, 1636.9, 0, 0, 1.814, 0.01671, 1.2, 1, 1.2, 29.3, 1.2, 0.42, 0.9, 1, 1, 0.02, 35, 0.177, 0.0444, -1.637, 0.0277, 100000, 441457, 8, 20.3, 0.326, 0, 0.001, 0, 0.001, 
1, 5, 0, 801, 30, 4278, 0.1, 4278, 0, 0, 4.354, 0, 3.3, 0.02, 0.2, 29.5, 0.2, 0.09, 0.9, 0.98, 1, 0.02, 85, 0.076, 0.0326, -4.278, 0.0326, 100000, 441456, 8, 20.3, 0.338, 0, 0.001, 0, 0.001, 
1, 6, 0, 361, 181, 26184.9, 16.3, 26201.2, 5.686, 0.00354, 32.624, 0.45268, 5.6, 1, 5.6, 5.6, 5.6, 0.93, 0.9, 0.95, 1, 0.46, 41, 6.439, 2.7596, -31.871, 2.3034, 100000, 441451, 7.6, 21.1, 0.356, 0, 0.082, 0.006, 0.089, 
1, 6, 0, 801, 161, 58248.2, 5.1, 58253.3, 0.577, 5E-05, 66.955, 0, 6.1, 0.85, 5.2, 10.7, 5.2, 0.91, 0.79, 0.96, 1, 0.22, 85, 8.707, 3.7314, -58.825, 3.7314, 100000, 441421, 7.6, 21.1, 0.356, 0, 0.115, 0, 0.115, 
1, 6, 0, 801, 156, 5592.6, 3.8, 5596.4, 0.046, 3E-05, 10.505, 0, 3.7, 0.76, 2.8, 13.6, 2.8, 0.73, 0.79, 0.96, 1, 0.15, 85, 4.913, 2.1055, -5.639, 2.1055, 100000, 441366, 7.6, 21.1, 0.356, 0, 0.065, 0, 0.065, 
1, 6, 0, 361, 156, 4901.5, 12.9, 4914.4, 0.305, 0.0008, 6.508, 0.35798, 3.5, 1, 3.5, 17, 3.5, 0.81, 0.9, 0.95, 1, 0.09, 41, 1.606, 0.6883, -5.206, 0.3295, 100000, 441362, 7.6, 21.1, 0.356, 0, 0.017, 0.005, 0.022, 
1, 6, 0, 361, 151, 6020.3, 7.6, 6027.9, 0.292, 0.00037, 6.921, 0.21094, 3.8, 1, 3.8, 20.9, 3.8, 0.83, 0.9, 0.95, 1, 0.05, 41, 0.901, 0.3859, -6.312, 0.1746, 100000, 441357, 7.6, 21.1, 0.356, 0, 0.009, 0.003, 0.012, 
1, 6, 0, 801, 141, 12218.2, 0.8, 12219, 0.058, 0, 13.109, 0, 4.8, 0.27, 1.3, 22.2, 1.3, 0.46, 0.79, 0.96, 1, 0.04, 85, 0.891, 0.3818, -12.276, 0.3818, 100000, 441351, 7.6, 21.1, 0.356, 0, 0.012, 0, 0.012, 
1, 6, 0, 801, 131, 133168.7, 0.5, 133169.2, 0.434, 0, 133.569, 0, 6.3, 0.18, 1.1, 23.3, 1.1, 0.41, 0.79, 0.96, 1, 0.04, 85, 0.4, 0.1716, -133.603, 0.1716, 100000, 441339, 7.6, 21.1, 0.356, 0, 0.005, 0, 0.005, 
1, 6, 0, 361, 131, 3183.2, 4.6, 3187.8, 0.057, 8E-05, 3.61, 0.12745, 2.8, 1, 2.8, 26.1, 2.8, 0.73, 0.9, 0.95, 1, 0.03, 41, 0.427, 0.183, -3.24, 0.0555, 100000, 441205, 7.6, 21.1, 0.356, 0, 0.004, 0.002, 0.006, 
1, 6, 0, 361, 126, 3498.8, 3.1, 3501.9, 0.049, 4E-05, 3.782, 0.08602, 2.9, 1, 2.9, 29, 2.9, 0.75, 0.9, 0.95, 1, 0.02, 41, 0.283, 0.1215, -3.547, 0.0354, 100000, 441202, 7.6, 21.1, 0.356, 0, 0.003, 0.001, 0.004, 
1, 6, 0, 801, 126, 56962, 0.2, 56962.1, 0.154, 0, 56.962, 0, 6, 0.06, 0.3, 29.3, 0.3, 0.15, 0.79, 0.96, 1, 0.02, 85, 0, 0, -57.116, 0, 100000, 441199, 7.6, 21.1, 0.356, 0, 0, 0, 0, 
1, 6, 0, 801, 91, 17037.3, 0.2, 17037.6, 0.013, 0, 17.161, 0, 5.2, 0.09, 0.4, 29.8, 0.4, 0.19, 0.79, 0.96, 1, 0.02, 85, 0.124, 0.0531, -17.05, 0.0531, 100000, 441142, 7.6, 21.1, 0.356, 0, 0.002, 0, 0.002, 
1, 6, 0, 801, 86, 60577.2, 0.2, 60577.5, 0.037, 0, 60.686, 0, 6.1, 0.08, 0.5, 30.3, 0.5, 0.21, 0.79, 0.96, 1, 0.01, 85, 0.108, 0.0465, -60.615, 0.0465, 100000, 441125, 7.6, 21.1, 0.356, 0, 0.001, 0, 0.001, 
1, 6, 0, 801, 66, 18787, 0.2, 18787.3, 0.006, 0, 18.896, 0, 5.3, 0.08, 0.4, 30.7, 0.4, 0.18, 0.79, 0.96, 1, 0.01, 85, 0.109, 0.0467, -18.793, 0.0467, 100000, 441064, 7.6, 21.1, 0.356, 0, 0.001, 0, 0.001, 
1, 6, 0, 801, 61, 6510.9, 0.2, 6511.1, 0.002, 0, 6.584, 0, 3.9, 0.07, 0.3, 31, 0.3, 0.13, 0.79, 0.96, 1, 0.01, 85, 0.074, 0.0315, -6.513, 0.0315, 100000, 441045, 7.6, 21.1, 0.356, 0, 0.001, 0, 0.001, 
1, 6, 0, 801, 51, 2724.8, 0.2, 2725, 0, 0, 2.776, 0, 2.5, 0.07, 0.2, 31.2, 0.2, 0.09, 0.79, 0.96, 1, 0.01, 85, 0.051, 0.0218, -2.725, 0.0218, 100000, 441038, 7.6, 21.1, 0.356, 0, 0.001, 0, 0.001, 
1, 6, 0, 127, 51, 10956.7, 1, 10957.7, 0.004, 0, 11.089, 0.04217, 3.9, 1, 3.9, 35.1, 3.9, 0.84, 0.79, 1, 1, 0.01, 35, 0.133, 0.0332, -10.96, -0.009, 100000, 441035, 7.6, 21.1, 0.356, 0, 0.001, 0, 0.001, 
1, 6, 0, 801, 46, 7285.4, 0.1, 7285.5, 0.001, 0, 7.314, 0, 4.1, 0.04, 0.2, 35.3, 0.2, 0.09, 0.79, 0.96, 1, 0.01, 85, 0.028, 0.0121, -7.286, 0.0121, 100000, 441024, 7.6, 21.1, 0.356, 0, 0, 0, 0, 
1, 6, 0, 801, 41, 1634.9, 0.1, 1635, 0, 0, 1.663, 0, 1.8, 0.04, 0.2, 35.5, 0.2, 0.09, 0.79, 0.96, 1, 0.01, 85, 0.028, 0.012, -1.635, 0.012, 100000, 441017, 7.6, 21.1, 0.355, 0, 0, 0, 0, 
1, 6, 0, 127, 36, 1634.9, 0.4, 1635.3, 0, 0, 1.69, 0.01786, 1.2, 1, 1.2, 36.6, 1.2, 0.42, 0.79, 1, 1, 0.01, 35, 0.055, 0.0137, -1.635, -0.0042, 100000, 441015, 7.6, 21.1, 0.343, 0, 0, 0, 0, 
1, 6, 0, 801, 31, 4273.7, 0.1, 4273.8, 0, 0, 4.297, 0, 3.3, 0.03, 0.2, 36.8, 0.2, 0.09, 0.79, 0.96, 1, 0.01, 85, 0.023, 0.0099, -4.274, 0.0099, 100000, 441013, 7.6, 21.1, 0.356, 0, 0, 0, 0, 
2, 7, 0, 361, 181, 26153.1, 18.6, 26171.7, 5.679, 0.00404, 28.836, 0.51666, 5.6, 1, 5.6, 5.6, 5.6, 0.93, 0.65, 0.85, 1, 0.46, 41, 2.683, 1.15, -31.832, 0.6293, 100000, 441009, 7.6, 24, 0.395, 0, 0.03, 0.007, 0.037, 
2, 7, 0, 801, 161, 58189.4, 8.8, 58198.2, 0.577, 9E-05, 63.332, 0, 6.1, 0.96, 5.8, 11.4, 5.8, 0.94, 0.57, 0.87, 1, 0.2, 85, 5.142, 2.2038, -58.766, 2.2037, 100000, 440978, 7.6, 24, 0.395, 0, 0.068, 0, 0.068, 
2, 7, 0, 801, 156, 5587, 5.9, 5592.9, 0.046, 5E-05, 8.498, 0, 3.7, 0.89, 3.3, 14.7, 3.3, 0.79, 0.57, 0.87, 1, 0.13, 85, 2.911, 1.2475, -5.633, 1.2474, 100000, 440921, 7.6, 24, 0.395, 0, 0.038, 0, 0.038, 
2, 7, 0, 361, 156, 4896.3, 13.2, 4909.5, 0.305, 0.00082, 5.672, 0.36713, 3.5, 1, 3.5, 18.2, 3.5, 0.8, 0.65, 0.85, 1, 0.08, 41, 0.776, 0.3325, -5.201, -0.0355, 100000, 440917, 7.6, 24, 0.395, 0, 0.005, 0.005, 0.011, 
2, 7, 0, 361, 151, 6014, 7.8, 6021.7, 0.291, 0.00038, 6.411, 0.21579, 3.8, 1, 3.8, 22, 3.8, 0.83, 0.65, 0.85, 1, 0.05, 41, 0.397, 0.17, -6.305, -0.0462, 100000, 440912, 7.6, 24, 0.395, 0, 0.002, 0.003, 0.005, 
2, 7, 0, 801, 141, 12205.9, 1.2, 12207.1, 0.058, 1E-05, 12.761, 0, 4.8, 0.37, 1.8, 23.8, 1.8, 0.57, 0.57, 0.87, 1, 0.04, 85, 0.556, 0.2381, -12.264, 0.2381, 100000, 440906, 7.6, 24, 0.395, 0, 0.007, 0, 0.007, 
2, 7, 0, 801, 131, 133035, 0.7, 133035.7, 0.434, 0, 133.153, 0, 6.3, 0.23, 1.4, 25.2, 1.4, 0.49, 0.57, 0.87, 1, 0.03, 85, 0.118, 0.0506, -133.469, 0.0505, 100000, 440894, 7.6, 24, 0.395, 0, 0.002, 0, 0.002, 
2, 7, 0, 361, 131, 3179.9, 4.6, 3184.6, 0.057, 8E-05, 3.367, 0.12899, 2.8, 1, 2.8, 28, 2.8, 0.73, 0.65, 0.85, 1, 0.02, 41, 0.187, 0.0803, -3.237, -0.0487, 100000, 440761, 7.6, 24, 0.395, 0, 0.001, 0.002, 0.003, 
2, 7, 0, 361, 126, 3495.2, 3.1, 3498.4, 0.049, 4E-05, 3.616, 0.087, 2.9, 1, 2.9, 30.9, 2.9, 0.75, 0.65, 0.85, 1, 0.01, 41, 0.121, 0.0517, -3.544, -0.0354, 100000, 440758, 7.6, 24, 0.395, 0, 0, 0.001, 0.002, 
2, 7, 0, 801, 126, 56904.9, 0.2, 56905, 0.154, 0, 56.905, 0, 6, 0.06, 0.3, 31.3, 0.3, 0.15, 0.57, 0.87, 1, 0.01, 85, 0, 0, -57.059, 0, 100000, 440754, 7.6, 24, 0.395, 0, 0, 0, 0, 
2, 7, 0, 801, 91, 17020.3, 0.3, 17020.6, 0.013, 0, 17.088, 0, 5.2, 0.1, 0.5, 31.8, 0.5, 0.23, 0.57, 0.87, 1, 0.01, 85, 0.068, 0.0292, -17.033, 0.0292, 100000, 440696, 7.6, 24, 0.395, 0, 0.001, 0, 0.001, 
2, 7, 0, 801, 86, 60516.6, 0.3, 60516.9, 0.037, 0, 60.567, 0, 6.1, 0.1, 0.6, 32.4, 0.6, 0.24, 0.57, 0.87, 1, 0.01, 85, 0.05, 0.0215, -60.554, 0.0215, 100000, 440679, 7.6, 24, 0.395, 0, 0.001, 0, 0.001, 
2, 7, 0, 801, 66, 18768.2, 0.3, 18768.5, 0.006, 0, 18.828, 0, 5.3, 0.1, 0.5, 32.9, 0.5, 0.22, 0.57, 0.87, 1, 0.01, 85, 0.059, 0.0255, -18.774, 0.0255, 100000, 440619, 7.6, 24, 0.395, 0, 0.001, 0, 0.001, 
2, 7, 0, 801, 61, 6504.4, 0.2, 6504.7, 0.002, 0, 6.544, 0, 3.9, 0.08, 0.3, 33.3, 0.3, 0.14, 0.57, 0.87, 1, 0.01, 85, 0.039, 0.0168, -6.506, 0.0168, 100000, 440600, 7.6, 24, 0.395, 0, 0.001, 0, 0.001, 
2, 7, 0, 801, 51, 2722.1, 0.2, 2722.3, 0, 0, 2.746, 0, 2.5, 0.08, 0.2, 33.5, 0.2, 0.09, 0.57, 0.87, 1, 0.01, 85, 0.024, 0.0104, -2.723, 0.0104, 100000, 440594, 7.6, 24, 0.395, 0, 0, 0, 0, 
2, 7, 0, 127, 51, 10945.8, 1, 10946.8, 0.004, 0, 11.01, 0.0418, 3.9, 1, 3.9, 37.3, 3.9, 0.84, 0.57, 0.94, 1, 0.01, 35, 0.064, 0.0161, -10.949, -0.0257, 100000, 440591, 7.6, 24, 0.395, 0, 0, 0, 0, 
2, 7, 0, 801, 46, 7278.1, 0.1, 7278.2, 0.001, 0, 7.291, 0, 4.1, 0.05, 0.2, 37.5, 0.2, 0.09, 0.57, 0.87, 1, 0.01, 85, 0.013, 0.0056, -7.279, 0.0056, 100000, 440580, 7.6, 24, 0.395, 0, 0, 0, 0, 
2, 7, 0, 801, 41, 1633.3, 0.1, 1633.4, 0, 0, 1.647, 0, 1.8, 0.04, 0.2, 37.7, 0.2, 0.09, 0.57, 0.87, 1, 0.01, 85, 0.013, 0.0057, -1.633, 0.0057, 100000, 440572, 7.6, 24, 0.394, 0, 0, 0, 0, 
2, 7, 0, 127, 36, 1633.3, 0.4, 1633.7, 0, 0, 1.66, 0.01769, 1.2, 1, 1.2, 38.9, 1.2, 0.42, 0.57, 0.94, 1, 0, 35, 0.027, 0.0068, -1.634, -0.0109, 100000, 440570, 7.6, 24, 0.38, 0, 0, 0, 0, 
2, 7, 0, 801, 31, 4269.4, 0.1, 4269.5, 0, 0, 4.28, 0, 3.3, 0.04, 0.2, 39.1, 0.2, 0.09, 0.57, 0.87, 1, 0, 85, 0.011, 0.0046, -4.27, 0.0046, 100000, 440569, 7.6, 24, 0.395, 0, 0, 0, 0, 
2, 8, 0, 361, 181, 26121.2, 19.2, 26140.5, 5.672, 0.00418, 31.682, 0.53415, 5.6, 1, 5.6, 5.6, 5.6, 0.93, 0.82, 0.95, 1, 0.46, 41, 5.561, 2.3832, -31.794, 1.8449, 100000, 440565, 7.4, 21.3, 0.444, 0, 0.069, 0.008, 0.077, 
2, 8, 0, 801, 161, 58130.6, 11, 58141.6, 0.576, 0.00011, 65.409, 0, 6.1, 0.98, 6, 11.5, 6, 0.94, 0.72, 0.96, 1, 0.2, 85, 7.279, 3.1194, -58.707, 3.1193, 100000, 440535, 7.4, 21.3, 0.444, 0, 0.096, 0, 0.096, 
2, 8, 0, 801, 156, 5581.3, 7.2, 5588.5, 0.046, 6E-05, 9.599, 0, 3.7, 0.93, 3.4, 15, 3.4, 0.8, 0.72, 0.96, 1, 0.12, 85, 4.017, 1.7218, -5.627, 1.7217, 100000, 440480, 7.4, 21.3, 0.444, 0, 0.053, 0, 0.053, 
2, 8, 0, 361, 156, 4891.1, 13.2, 4904.3, 0.304, 0.00082, 6.041, 0.36614, 3.5, 1, 3.5, 18.5, 3.5, 0.8, 0.82, 0.95, 1, 0.08, 41, 1.15, 0.4929, -5.195, 0.1259, 100000, 440476, 7.4, 21.3, 0.444, 0, 0.011, 0.005, 0.016, 
2, 8, 0, 361, 151, 6007.7, 7.7, 6015.4, 0.291, 0.00037, 6.632, 0.21451, 3.8, 1, 3.8, 22.3, 3.8, 0.83, 0.82, 0.95, 1, 0.04, 41, 0.624, 0.2676, -6.299, 0.0527, 100000, 440471, 7.4, 21.3, 0.444, 0, 0.006, 0.003, 0.009, 
2, 8, 0, 801, 141, 12193.6, 1.5, 12195.1, 0.058, 1E-05, 12.999, 0, 4.8, 0.42, 2, 24.3, 2, 0.62, 0.72, 0.96, 1, 0.03, 85, 0.805, 0.345, -12.251, 0.345, 100000, 440465, 7.4, 21.3, 0.444, 0, 0.011, 0, 0.011, 
2, 8, 0, 801, 131, 132901.6, 0.7, 132902.3, 0.434, 0, 133.165, 0, 6.3, 0.24, 1.5, 25.8, 1.5, 0.51, 0.72, 0.96, 1, 0.03, 85, 0.263, 0.1128, -133.335, 0.1128, 100000, 440453, 7.4, 21.3, 0.444, 0, 0.003, 0, 0.003, 
2, 8, 0, 361, 131, 3176.7, 4.6, 3181.3, 0.057, 8E-05, 3.435, 0.12763, 2.8, 1, 2.8, 28.6, 2.8, 0.73, 0.82, 0.95, 1, 0.02, 41, 0.258, 0.1108, -3.233, -0.0169, 100000, 440320, 7.4, 21.3, 0.444, 0, 0.002, 0.002, 0.004, 
2, 8, 0, 361, 126, 3491.7, 3.1, 3494.8, 0.048, 4E-05, 3.661, 0.08602, 2.9, 1, 2.9, 31.5, 2.9, 0.75, 0.82, 0.95, 1, 0.01, 41, 0.169, 0.0724, -3.54, -0.0137, 100000, 440317, 7.4, 21.3, 0.444, 0, 0.001, 0.001, 0.002, 
2, 8, 0, 801, 126, 56847.8, 0.2, 56848, 0.154, 0, 56.848, 0, 6, 0.06, 0.3, 31.9, 0.3, 0.15, 0.72, 0.96, 1, 0.01, 85, 0, 0, -57.002, 0, 100000, 440314, 7.4, 21.3, 0.444, 0, 0, 0, 0, 
2, 8, 0, 801, 91, 17003.2, 0.3, 17003.6, 0.013, 0, 17.101, 0, 5.2, 0.11, 0.6, 32.5, 0.6, 0.24, 0.72, 0.96, 1, 0.01, 85, 0.098, 0.0418, -17.016, 0.0418, 100000, 440257, 7.4, 21.3, 0.444, 0, 0.001, 0, 0.001, 
2, 8, 0, 801, 86, 60456.1, 0.3, 60456.4, 0.037, 0, 60.533, 0, 6.1, 0.1, 0.6, 33.1, 0.6, 0.26, 0.72, 0.96, 1, 0.01, 85, 0.077, 0.033, -60.493, 0.033, 100000, 440240, 7.4, 21.3, 0.444, 0, 0.001, 0, 0.001, 
2, 8, 0, 801, 66, 18749.5, 0.3, 18749.8, 0.006, 0, 18.832, 0, 5.3, 0.11, 0.6, 33.7, 0.6, 0.23, 0.72, 0.96, 1, 0.01, 85, 0.082, 0.0352, -18.755, 0.0352, 100000, 440179, 7.4, 21.3, 0.444, 0, 0.001, 0, 0.001, 
2, 8, 0, 801, 61, 6497.9, 0.3, 6498.2, 0.002, 0, 6.551, 0, 3.9, 0.09, 0.4, 34, 0.4, 0.15, 0.72, 0.96, 1, 0.01, 85, 0.053, 0.0226, -6.499, 0.0226, 100000, 440161, 7.4, 21.3, 0.444, 0, 0.001, 0, 0.001, 
2, 8, 0, 801, 51, 2719.4, 0.2, 2719.6, 0, 0, 2.751, 0, 2.5, 0.08, 0.2, 34.2, 0.2, 0.09, 0.72, 0.96, 1, 0.01, 85, 0.032, 0.0136, -2.72, 0.0136, 100000, 440154, 7.4, 21.3, 0.444, 0, 0, 0, 0, 
2, 8, 0, 127, 51, 10934.8, 1, 10935.8, 0.004, 0, 11.013, 0.04073, 3.9, 1, 3.9, 38.1, 3.9, 0.84, 0.72, 0.99, 1, 0, 35, 0.078, 0.0196, -10.938, -0.0211, 100000, 440151, 7.4, 21.3, 0.444, 0, 0, 0, 0, 
2, 8, 0, 801, 46, 7270.8, 0.1, 7270.9, 0.001, 0, 7.287, 0, 4.1, 0.05, 0.2, 38.3, 0.2, 0.09, 0.72, 0.96, 1, 0, 85, 0.017, 0.0071, -7.272, 0.0071, 100000, 440140, 7.4, 21.3, 0.444, 0, 0, 0, 0, 
2, 8, 0, 801, 41, 1631.6, 0.1, 1631.8, 0, 0, 1.648, 0, 1.8, 0.05, 0.2, 38.5, 0.2, 0.09, 0.72, 0.96, 1, 0, 85, 0.017, 0.0072, -1.632, 0.0072, 100000, 440133, 7.4, 21.3, 0.443, 0, 0, 0, 0, 
2, 8, 0, 127, 36, 1631.6, 0.4, 1632, 0, 0, 1.664, 0.01723, 1.2, 1, 1.2, 39.7, 1.2, 0.42, 0.72, 0.99, 1, 0, 35, 0.033, 0.0082, -1.632, -0.0091, 100000, 440132, 7.4, 21.3, 0.427, 0, 0, 0, 0, 
2, 8, 0, 801, 31, 4265.2, 0.1, 4265.3, 0, 0, 4.279, 0, 3.3, 0.04, 0.2, 39.9, 0.2, 0.09, 0.72, 0.96, 1, 0, 85, 0.014, 0.0059, -4.266, 0.0059, 100000, 440130, 7.4, 21.3, 0.444, 0, 0, 0, 0, 
2, 9, 0, 361, 181, 26089.4, 21.1, 26110.5, 5.665, 0.00458, 33.897, 0.58539, 5.6, 1, 5.6, 5.6, 5.6, 0.93, 1, 0.97, 1, 0.46, 41, 7.808, 3.3461, -31.755, 2.7561, 100000, 440126, 7.9, 20.6, 0.485, 0, 0.099, 0.008, 0.107, 
2, 9, 0, 801, 161, 58071.9, 14.1, 58086, 0.576, 0.00014, 67.695, 0, 6.1, 1, 6, 11.6, 6, 0.94, 0.94, 0.97, 1, 0.2, 85, 9.624, 4.1244, -58.647, 4.1242, 100000, 440097, 7.9, 20.6, 0.485, 0, 0.127, 0, 0.127, 
2, 9, 0, 801, 156, 5575.7, 8.9, 5584.6, 0.046, 7E-05, 10.802, 0, 3.7, 0.96, 3.6, 15.2, 3.6, 0.81, 0.94, 0.97, 1, 0.12, 85, 5.226, 2.2397, -5.622, 2.2397, 100000, 440042, 7.9, 20.6, 0.485, 0, 0.069, 0, 0.069, 
2, 9, 0, 361, 156, 4885.9, 13.3, 4899.2, 0.304, 0.00083, 6.314, 0.36964, 3.5, 1, 3.5, 18.6, 3.5, 0.8, 1, 0.97, 1, 0.07, 41, 1.428, 0.6122, -5.19, 0.2417, 100000, 440039, 7.9, 20.6, 0.485, 0, 0.014, 0.005, 0.02, 
2, 9, 0, 361, 151, 6001.4, 7.8, 6009.1, 0.291, 0.00038, 6.795, 0.21597, 3.8, 1, 3.8, 22.4, 3.8, 0.83, 1, 0.97, 1, 0.04, 41, 0.794, 0.3402, -6.292, 0.1238, 100000, 440034, 7.9, 20.6, 0.485, 0, 0.008, 0.003, 0.011, 
2, 9, 0, 801, 141, 12181.4, 1.8, 12183.2, 0.058, 1E-05, 13.269, 0, 4.8, 0.49, 2.4, 24.8, 2.4, 0.67, 0.94, 0.97, 1, 0.03, 85, 1.087, 0.4661, -12.239, 0.466, 100000, 440027, 7.9, 20.6, 0.485, 0, 0.014, 0, 0.014, 
2, 9, 0, 801, 131, 132768.3, 0.9, 132769.1, 0.433, 0, 133.196, 0, 6.3, 0.27, 1.7, 26.6, 1.7, 0.56, 0.94, 0.97, 1, 0.02, 85, 0.428, 0.1834, -133.201, 0.1834, 100000, 440015, 7.9, 20.6, 0.485, 0, 0.006, 0, 0.006, 
2, 9, 0, 361, 131, 3173.5, 4.6, 3178, 0.057, 8E-05, 3.467, 0.12716, 2.8, 1, 2.8, 29.3, 2.8, 0.73, 1, 0.97, 1, 0.02, 41, 0.294, 0.1258, -3.23, -0.0014, 100000, 439882, 7.9, 20.6, 0.485, 0, 0.002, 0.002, 0.004, 
2, 9, 0, 361, 126, 3488.1, 3.1, 3491.2, 0.048, 4E-05, 3.681, 0.08564, 2.9, 1, 2.9, 32.3, 2.9, 0.75, 1, 0.97, 1, 0.01, 41, 0.193, 0.0827, -3.537, -0.003, 100000, 439878, 7.9, 20.6, 0.485, 0, 0.001, 0.001, 0.003, 
2, 9, 0, 801, 126, 56790.8, 0.2, 56791, 0.154, 0, 56.791, 0, 6, 0.06, 0.3, 32.6, 0.3, 0.15, 0.94, 0.97, 1, 0.01, 85, 0, 0, -56.945, 0, 100000, 439874, 7.9, 20.6, 0.485, 0, 0, 0, 0, 
2, 9, 0, 801, 91, 16986.2, 0.4, 16986.6, 0.013, 0, 17.116, 0, 5.2, 0.13, 0.7, 33.3, 0.7, 0.27, 0.94, 0.97, 1, 0.01, 85, 0.13, 0.0555, -16.999, 0.0555, 100000, 439818, 7.9, 20.6, 0.485, 0, 0.002, 0, 0.002, 
2, 9, 0, 801, 86, 60395.6, 0.3, 60395.9, 0.037, 0, 60.501, 0, 6.1, 0.12, 0.7, 34, 0.7, 0.28, 0.94, 0.97, 1, 0.01, 85, 0.105, 0.045, -60.433, 0.045, 100000, 439801, 7.9, 20.6, 0.485, 0, 0.001, 0, 0.001, 
2, 9, 0, 801, 66, 18730.7, 0.3, 18731.1, 0.006, 0, 18.836, 0, 5.3, 0.12, 0.6, 34.6, 0.6, 0.25, 0.94, 0.97, 1, 0.01, 85, 0.105, 0.045, -18.736, 0.045, 100000, 439741, 7.9, 20.6, 0.485, 0, 0.001, 0, 0.001, 
2, 9, 0, 801, 61, 6491.4, 0.3, 6491.7, 0.002, 0, 6.557, 0, 3.9, 0.1, 0.4, 35, 0.4, 0.17, 0.94, 0.97, 1, 0.01, 85, 0.066, 0.0282, -6.493, 0.0282, 100000, 439722, 7.9, 20.6, 0.485, 0, 0.001, 0, 0.001, 
2, 9, 0, 801, 51, 2716.7, 0.2, 2716.9, 0, 0, 2.755, 0, 2.5, 0.09, 0.2, 35.2, 0.2, 0.1, 0.94, 0.97, 1, 0.01, 85, 0.039, 0.0165, -2.717, 0.0165, 100000, 439716, 7.9, 20.6, 0.485, 0, 0.001, 0, 0.001, 
2, 9, 0, 127, 51, 10923.9, 1, 10924.8, 0.004, 0, 11.013, 0.03985, 3.9, 1, 3.9, 39.1, 3.9, 0.84, 0.94, 1, 1, 0, 35, 0.09, 0.0224, -10.927, -0.0175, 100000, 439714, 7.9, 20.6, 0.485, 0, 0, 0, 0.001, 
2, 9, 0, 801, 46, 7263.5, 0.1, 7263.7, 0.001, 0, 7.283, 0, 4.1, 0.05, 0.2, 39.3, 0.2, 0.09, 0.94, 0.97, 1, 0, 85, 0.02, 0.0084, -7.265, 0.0084, 100000, 439703, 7.9, 20.6, 0.485, 0, 0, 0, 0, 
2, 9, 0, 801, 41, 1630, 0.1, 1630.1, 0, 0, 1.649, 0, 1.8, 0.05, 0.2, 39.5, 0.2, 0.09, 0.94, 0.97, 1, 0, 85, 0.019, 0.0082, -1.63, 0.0082, 100000, 439696, 7.9, 20.6, 0.484, 0, 0, 0, 0, 
2, 9, 0, 127, 36, 1630, 0.4, 1630.4, 0, 0, 1.667, 0.01685, 1.2, 1, 1.2, 40.6, 1.2, 0.42, 0.94, 1, 1, 0, 35, 0.037, 0.0093, -1.63, -0.0076, 100000, 439694, 7.9, 20.6, 0.466, 0, 0, 0, 0, 
2, 9, 0, 801, 31, 4260.9, 0.1, 4261, 0, 0, 4.277, 0, 3.3, 0.04, 0.2, 40.8, 0.2, 0.09, 0.94, 0.97, 1, 0, 85, 0.016, 0.0068, -4.261, 0.0068, 100000, 439692, 7.9, 20.6, 0.485, 0, 0, 0, 0, 
2, 10, 0, 361, 181, 26057.7, 23.8, 26081.5, 5.659, 0.00517, 33.455, 0.66195, 5.6, 1, 5.6, 5.6, 5.6, 0.93, 1, 0.93, 1, 0.46, 41, 7.397, 3.1702, -31.716, 2.503, 100000, 439687, 8.3, 14.4, 0.517, 0, 0.092, 0.009, 0.102, 
2, 10, 0, 801, 161, 58013.3, 18.2, 58031.5, 0.575, 0.00018, 67.991, 18.24972, 6.1, 1, 6, 11.6, 6, 0.94, 1, 0.94, 1, 0.2, 85, 9.978, 4.2761, -58.588, -13.9736, 100000, 439658, 8.3, 14.4, 0.517, 0, 0.131, 0, 0.131, 
2, 10, 0, 801, 156, 5570.1, 11.1, 5581.2, 0.046, 9E-05, 10.965, 11.13728, 3.7, 0.98, 3.6, 15.3, 3.6, 0.82, 1, 0.94, 1, 0.12, 85, 5.395, 2.312, -5.616, -8.8253, 100000, 439585, 8.3, 14.4, 0.517, 0, 0.071, 0, 0.071, 
2, 10, 0, 361, 156, 4880.7, 13.5, 4894.3, 0.304, 0.00084, 6.231, 0.37636, 3.5, 1, 3.5, 18.7, 3.5, 0.8, 1, 0.93, 1, 0.07, 41, 1.35, 0.5785, -5.184, 0.2013, 100000, 439570, 8.3, 14.4, 0.517, 0, 0.013, 0.005, 0.019, 
2, 10, 0, 361, 151, 5995.1, 7.9, 6003, 0.29, 0.00038, 6.741, 0.21941, 3.8, 1, 3.8, 22.5, 3.8, 0.83, 1, 0.93, 1, 0.04, 41, 0.746, 0.3199, -6.286, 0.1001, 100000, 439565, 8.3, 14.4, 0.517, 0, 0.007, 0.003, 0.01, 
2, 10, 0, 801, 141, 12169.1, 2.3, 12171.4, 0.057, 1E-05, 13.312, 2.27693, 4.8, 0.58, 2.8, 25.3, 2.8, 0.73, 1, 0.94, 1, 0.03, 85, 1.143, 0.4898, -12.227, -1.7871, 100000, 439559, 8.3, 14.4, 0.517, 0, 0.015, 0, 0.015, 
2, 10, 0, 801, 131, 132635, 1, 132636.1, 0.433, 0, 133.084, 1.03504, 6.3, 0.32, 2, 27.3, 2, 0.61, 1, 0.94, 1, 0.02, 85, 0.449, 0.1925, -133.068, -0.8425, 100000, 439545, 8.3, 14.4, 0.517, 0, 0.006, 0, 0.006, 
2, 10, 0, 361, 131, 3170.2, 4.6, 3174.8, 0.057, 8E-05, 3.419, 0.12712, 2.8, 1, 2.8, 30.1, 2.8, 0.73, 1, 0.93, 1, 0.01, 41, 0.248, 0.1064, -3.227, -0.0208, 100000, 439411, 8.3, 14.4, 0.517, 0, 0.002, 0.002, 0.003, 
2, 10, 0, 361, 126, 3484.6, 3.1, 3487.7, 0.048, 4E-05, 3.647, 0.08556, 2.9, 1, 2.9, 33, 2.9, 0.75, 1, 0.93, 1, 0.01, 41, 0.162, 0.0695, -3.533, -0.0161, 100000, 439408, 8.3, 14.4, 0.517, 0, 0.001, 0.001, 0.002, 
2, 10, 0, 801, 126, 56733.9, 0.2, 56734, 0.154, 0, 56.734, 0.15143, 6, 0.06, 0.3, 33.4, 0.3, 0.15, 1, 0.94, 1, 0.01, 85, 0, 0, -56.888, -0.1514, 100000, 439405, 8.3, 14.4, 0.517, 0, 0, 0, 0, 
2, 10, 0, 801, 91, 16969.2, 0.4, 16969.6, 0.013, 0, 17.102, 0.42021, 5.2, 0.15, 0.8, 34.1, 0.8, 0.3, 1, 0.94, 1, 0.01, 85, 0.133, 0.057, -16.982, -0.3632, 100000, 439347, 8.3, 14.4, 0.517, 0, 0.002, 0, 0.002, 
2, 10, 0, 801, 86, 60335.1, 0.4, 60335.5, 0.037, 0, 60.44, 0.37143, 6.1, 0.13, 0.8, 34.9, 0.8, 0.31, 1, 0.94, 1, 0.01, 85, 0.105, 0.0451, -60.372, -0.3263, 100000, 439330, 8.3, 14.4, 0.517, 0, 0.001, 0, 0.001, 
2, 10, 0, 801, 66, 18712, 0.4, 18712.4, 0.005, 0, 18.816, 0.37963, 5.3, 0.13, 0.7, 35.6, 0.7, 0.28, 1, 0.94, 1, 0.01, 85, 0.104, 0.0446, -18.717, -0.335, 100000, 439269, 8.3, 14.4, 0.517, 0, 0.001, 0, 0.001, 
2, 10, 0, 801, 61, 6484.9, 0.3, 6485.2, 0.002, 0, 6.549, 0.30242, 3.9, 0.11, 0.4, 36.1, 0.4, 0.18, 1, 0.94, 1, 0.01, 85, 0.064, 0.0274, -6.487, -0.2751, 100000, 439250, 8.3, 14.4, 0.517, 0, 0.001, 0, 0.001, 
2, 10, 0, 801, 51, 2714, 0.3, 2714.2, 0, 0, 2.75, 0.26061, 2.5, 0.09, 0.2, 36.3, 0.2, 0.11, 1, 0.94, 1, 0.01, 85, 0.036, 0.0156, -2.714, -0.245, 100000, 439243, 8.3, 14.4, 0.517, 0, 0, 0, 0, 
2, 10, 0, 127, 51, 10912.9, 0.9, 10913.9, 0.004, 0, 10.985, 0.03912, 3.9, 1, 3.9, 40.2, 3.9, 0.84, 1, 0.89, 1, 0, 35, 0.072, 0.0181, -10.917, -0.021, 100000, 439240, 8.3, 14.4, 0.517, 0, 0, 0, 0, 
2, 10, 0, 801, 46, 7256.3, 0.1, 7256.4, 0.001, 0, 7.275, 0.14493, 4.1, 0.05, 0.2, 40.4, 0.2, 0.1, 1, 0.94, 1, 0, 85, 0.018, 0.0079, -7.257, -0.137, 100000, 439229, 8.3, 14.4, 0.517, 0, 0, 0, 0, 
2, 10, 0, 801, 41, 1628.4, 0.1, 1628.5, 0, 0, 1.645, 0.14216, 1.8, 0.05, 0.2, 40.6, 0.2, 0.09, 1, 0.94, 1, 0, 85, 0.017, 0.0073, -1.629, -0.1348, 100000, 439222, 8.3, 14.4, 0.517, 0, 0, 0, 0, 
2, 10, 0, 127, 36, 1628.4, 0.4, 1628.8, 0, 0, 1.659, 0.01654, 1.2, 1, 1.2, 41.7, 1.2, 0.42, 1, 0.89, 1, 0, 35, 0.03, 0.0076, -1.629, -0.009, 100000, 439220, 8.3, 14.4, 0.498, 0, 0, 0, 0, 
2, 10, 0, 801, 31, 4256.6, 0.1, 4256.7, 0, 0, 4.271, 0.117, 3.3, 0.04, 0.2, 41.9, 0.2, 0.09, 1, 0.94, 1, 0, 85, 0.014, 0.006, -4.257, -0.111, 100000, 439219, 8.3, 14.4, 0.517, 0, 0, 0, 0, 
2, 11, 0, 361, 181, 26026, 26.3, 26052.3, 5.652, 0.00572, 31.788, 0.73148, 5.6, 1, 5.6, 5.6, 5.6, 0.93, 1, 0.8, 1, 0.46, 41, 5.762, 2.4695, -31.678, 1.7323, 100000, 439215, 8.2, 11.7, 0.533, 0, 0.069, 0.01, 0.079, 
2, 11, 0, 801, 161, 57954.7, 4.3, 57959, 0.574, 4E-05, 67.868, 4.27609, 6.1, 0.8, 4.8, 10.4, 4.8, 0.9, 1, 0.83, 1, 0.23, 85, 9.913, 4.2485, -58.529, -0.0276, 100000, 439185, 8.2, 11.7, 0.533, 0.175, 0.131, 0, 0.131, 
2, 11, 0, 801, 156, 5564.5, 2.3, 5566.8, 0.046, 2E-05, 10.935, 2.31201, 3.7, 0.58, 2.1, 12.6, 2.1, 0.63, 1, 0.83, 1, 0.17, 85, 5.371, 2.3018, -5.61, -0.0102, 100000, 439127, 8.2, 11.7, 0.533, 0.107, 0.071, 0, 0.071, 
2, 11, 0, 361, 156, 4875.5, 13.8, 4889.3, 0.303, 0.00086, 6.614, 0.38195, 3.5, 1, 3.5, 16, 3.5, 0.8, 1, 0.8, 1, 0.11, 41, 1.738, 0.745, -5.179, 0.3622, 100000, 439122, 8.2, 11.7, 0.533, 0, 0.019, 0.005, 0.024, 
2, 11, 0, 361, 151, 5988.8, 8, 5996.8, 0.29, 0.00039, 6.972, 0.22219, 3.8, 1, 3.8, 19.8, 3.8, 0.83, 1, 0.8, 1, 0.06, 41, 0.983, 0.4212, -6.279, 0.1986, 100000, 439117, 8.2, 11.7, 0.533, 0, 0.01, 0.003, 0.014, 
2, 11, 0, 801, 141, 12156.9, 0.5, 12157.4, 0.057, 0, 12.987, 0.48982, 4.8, 0.17, 0.8, 20.6, 0.8, 0.32, 1, 0.83, 1, 0.06, 85, 0.83, 0.3557, -12.214, -0.1341, 100000, 439111, 8.2, 11.7, 0.533, 0.022, 0.011, 0, 0.011, 
2, 11, 0, 801, 131, 132502, 0.2, 132502.2, 0.432, 0, 132.682, 0.19252, 6.3, 0.07, 0.4, 21.1, 0.4, 0.19, 1, 0.83, 1, 0.05, 85, 0.18, 0.0772, -132.934, -0.1153, 100000, 439099, 8.2, 11.7, 0.533, 0.01, 0.002, 0, 0.002, 
2, 11, 0, 361, 131, 3167, 4.6, 3171.6, 0.056, 8E-05, 3.718, 0.12655, 2.8, 1, 2.8, 23.9, 2.8, 0.73, 1, 0.8, 1, 0.04, 41, 0.551, 0.2364, -3.223, 0.1097, 100000, 438966, 8.2, 11.7, 0.533, 0, 0.006, 0.002, 0.008, 
2, 11, 0, 361, 126, 3481.1, 3.1, 3484.1, 0.048, 4E-05, 3.85, 0.08511, 2.9, 1, 2.9, 26.8, 2.9, 0.75, 1, 0.8, 1, 0.02, 41, 0.369, 0.158, -3.529, 0.0728, 100000, 438963, 8.2, 11.7, 0.533, 0, 0.004, 0.001, 0.005, 
2, 11, 0, 801, 126, 56677, 0, 56677, 0.154, 0, 56.677, 0, 6, 0, 0.2, 27, 0.2, 0.09, 1, 0.83, 1, 0.02, 85, 0, 0, -56.831, 0, 100000, 438959, 8.2, 11.7, 0.533, 0.001, 0, 0, 0, 
2, 11, 0, 801, 91, 16952.2, 0.1, 16952.3, 0.013, 0, 17.042, 0.057, 5.2, 0.02, 0.2, 27.2, 0.2, 0.09, 1, 0.83, 1, 0.02, 85, 0.09, 0.0386, -16.965, -0.0185, 100000, 438903, 8.2, 11.7, 0.533, 0.004, 0.001, 0, 0.001, 
2, 11, 0, 801, 86, 60274.8, 0, 60274.8, 0.037, 0, 60.345, 0.04514, 6.1, 0.02, 0.2, 27.4, 0.2, 0.09, 1, 0.83, 1, 0.02, 85, 0.07, 0.03, -60.312, -0.0151, 100000, 438886, 8.2, 11.7, 0.533, 0.004, 0.001, 0, 0.001, 
2, 11, 0, 801, 66, 18693.3, 0, 18693.3, 0.005, 0, 18.783, 0.04463, 5.3, 0.02, 0.2, 27.6, 0.2, 0.09, 1, 0.83, 1, 0.02, 85, 0.09, 0.0384, -18.699, -0.0063, 100000, 438826, 8.2, 11.7, 0.533, 0.004, 0.001, 0, 0.001, 
2, 11, 0, 801, 61, 6478.4, 0, 6478.5, 0.002, 0, 6.568, 0.02736, 3.9, 0.01, 0.2, 27.8, 0.2, 0.09, 1, 0.83, 1, 0.02, 85, 0.09, 0.0384, -6.48, 0.0111, 100000, 438807, 8.2, 11.7, 0.533, 0.003, 0.001, 0, 0.001, 
2, 11, 0, 801, 51, 2711.2, 0, 2711.3, 0, 0, 2.799, 0.0156, 2.5, 0.01, 0.2, 28, 0.2, 0.09, 1, 0.83, 1, 0.02, 85, 0.088, 0.0377, -2.712, 0.0221, 100000, 438800, 8.2, 11.7, 0.533, 0.002, 0.001, 0, 0.001, 
2, 11, 0, 127, 51, 10902, 0.9, 10902.9, 0.004, 0, 11.107, 0.03824, 3.9, 1, 3.9, 31.8, 3.9, 0.84, 1, 0.77, 1, 0.01, 35, 0.205, 0.0513, -10.906, 0.0131, 100000, 438797, 8.2, 11.7, 0.533, 0, 0.001, 0, 0.001, 
2, 11, 0, 801, 46, 7249, 0, 7249, 0.001, 0, 7.298, 0.00791, 4.1, 0, 0.2, 32, 0.2, 0.09, 1, 0.83, 1, 0.01, 85, 0.049, 0.0211, -7.25, 0.0132, 100000, 438787, 8.2, 11.7, 0.533, 0.001, 0.001, 0, 0.001, 
2, 11, 0, 801, 41, 1626.7, 0, 1626.8, 0, 0, 1.675, 0.00732, 1.8, 0, 0.2, 32.2, 0.2, 0.09, 1, 0.83, 1, 0.01, 85, 0.048, 0.0208, -1.627, 0.0135, 100000, 438779, 8.2, 11.7, 0.532, 0.001, 0.001, 0, 0.001, 
2, 11, 0, 127, 36, 1626.7, 0.4, 1627.1, 0, 0, 1.711, 0.01616, 1.2, 1, 1.2, 33.4, 1.2, 0.42, 1, 0.77, 1, 0.01, 35, 0.084, 0.021, -1.627, 0.0048, 100000, 438778, 8.2, 11.7, 0.512, 0, 0, 0, 0.001, 
2, 11, 0, 801, 31, 4252.4, 0, 4252.4, 0, 0, 4.292, 0.00599, 3.2, 0, 0.2, 33.6, 0.2, 0.09, 1, 0.83, 1, 0.01, 85, 0.04, 0.0171, -4.253, 0.0111, 100000, 438776, 8.2, 11.7, 0.533, 0.001, 0.001, 0, 0.001, 
2, 12, 0, 361, 181, 25994.3, 28.1, 26022.4, 5.645, 0.00609, 30.923, 0.7796, 5.6, 1, 5.6, 5.6, 5.6, 0.93, 1, 0.73, 1, 0.46, 41, 4.929, 2.1124, -31.639, 1.3267, 100000, 438772, 12.4, 10.6, 0.536, 0, 0.057, 0.011, 0.068, 
2, 12, 0, 801, 161, 57896.2, 4.2, 57900.4, 0.574, 4E-05, 57.896, 4.24853, 6.1, 0.8, 0, 5.6, 0, 0, 1, 0.77, 1, 0.46, 85, 0, 0, -58.47, -4.2485, 100000, 438742, 12.4, 10.6, 0.536, 0.216, 0, 0, 0, 
2, 12, 0, 801, 156, 5558.9, 2.3, 5561.2, 0.046, 2E-05, 5.559, 2.30185, 3.7, 0.58, 0, 5.6, 0, 0, 1, 0.77, 1, 0.46, 85, 0, 0, -5.605, -2.3018, 100000, 438679, 12.4, 10.6, 0.536, 0.129, 0, 0, 0, 
2, 12, 0, 361, 156, 4870.4, 14.1, 4884.5, 0.303, 0.00088, 9.397, 0.39201, 3.5, 1, 3.5, 9.1, 3.5, 0.8, 1, 0.73, 1, 0.28, 41, 4.526, 1.9399, -5.173, 1.547, 100000, 438671, 12.4, 10.6, 0.536, 0, 0.057, 0.006, 0.062, 
2, 12, 0, 361, 151, 5982.5, 8.2, 5990.7, 0.29, 0.0004, 8.661, 0.22771, 3.8, 1, 3.8, 12.9, 3.8, 0.83, 1, 0.73, 1, 0.17, 41, 2.679, 1.148, -6.272, 0.9199, 100000, 438667, 12.4, 10.6, 0.536, 0, 0.034, 0.003, 0.037, 
2, 12, 0, 801, 141, 12144.7, 0.4, 12145.1, 0.057, 0, 12.145, 0.35574, 4.8, 0.13, 0, 12.9, 0, 0, 1, 0.77, 1, 0.17, 85, 0, 0, -12.202, -0.3557, 100000, 438662, 12.4, 10.6, 0.536, 0.026, 0, 0, 0, 
2, 12, 0, 801, 131, 132369, 0.1, 132369.1, 0.432, 0, 132.369, 0.07717, 6.3, 0.03, 0, 12.9, 0, 0, 1, 0.77, 1, 0.17, 85, 0, 0, -132.801, -0.0772, 100000, 438649, 12.4, 10.6, 0.536, 0.012, 0, 0, 0, 
2, 12, 0, 361, 131, 3163.8, 4.7, 3168.4, 0.056, 8E-05, 4.835, 0.12959, 2.8, 1, 2.8, 15.6, 2.8, 0.73, 1, 0.73, 1, 0.11, 41, 1.671, 0.7162, -3.22, 0.5865, 100000, 438516, 12.4, 10.6, 0.536, 0, 0.021, 0.002, 0.023, 
2, 12, 0, 361, 126, 3477.5, 3.1, 3480.7, 0.048, 4E-05, 4.609, 0.08713, 2.9, 1, 2.9, 18.5, 2.9, 0.75, 1, 0.73, 1, 0.07, 41, 1.131, 0.4849, -3.526, 0.3977, 100000, 438513, 12.4, 10.6, 0.536, 0, 0.014, 0.001, 0.016, 
2, 12, 0, 801, 126, 56620.1, 0, 56620.1, 0.153, 0, 56.62, 0, 6, 0, 0, 18.5, 0, 0, 1, 0.77, 1, 0.07, 85, 0, 0, -56.774, 0, 100000, 438510, 12.4, 10.6, 0.536, 0.001, 0, 0, 0, 
2, 12, 0, 801, 91, 16935.3, 0, 16935.3, 0.013, 0, 16.935, 0.03855, 5.2, 0.01, 0, 18.5, 0, 0, 1, 0.77, 1, 0.07, 85, 0, 0, -16.948, -0.0386, 100000, 438453, 12.4, 10.6, 0.536, 0.005, 0, 0, 0, 
2, 12, 0, 801, 86, 60214.5, 0, 60214.5, 0.037, 0, 60.214, 0.03001, 6.1, 0.01, 0, 18.5, 0, 0, 1, 0.77, 1, 0.07, 85, 0, 0, -60.252, -0.03, 100000, 438436, 12.4, 10.6, 0.536, 0.004, 0, 0, 0, 
2, 12, 0, 801, 66, 18674.6, 0, 18674.6, 0.005, 0, 18.675, 0.03837, 5.3, 0.01, 0, 18.5, 0, 0, 1, 0.77, 1, 0.07, 85, 0, 0, -18.68, -0.0384, 100000, 438376, 12.4, 10.6, 0.536, 0.004, 0, 0, 0, 
2, 12, 0, 801, 61, 6472, 0, 6472, 0.002, 0, 6.472, 0.03844, 3.9, 0.01, 0, 18.5, 0, 0, 1, 0.77, 1, 0.07, 85, 0, 0, -6.474, -0.0384, 100000, 438357, 12.4, 10.6, 0.536, 0.003, 0, 0, 0, 
2, 12, 0, 801, 51, 2708.5, 0, 2708.6, 0, 0, 2.709, 0.0377, 2.5, 0.01, 0, 18.5, 0, 0, 1, 0.77, 1, 0.07, 85, 0, 0, -2.709, -0.0377, 100000, 438351, 12.4, 10.6, 0.536, 0.003, 0, 0, 0, 
2, 12, 0, 127, 51, 10891.1, 0.9, 10892, 0.004, 0, 11.612, 0.03879, 3.9, 1, 3.9, 22.4, 3.9, 0.84, 1, 0.71, 1, 0.04, 35, 0.721, 0.1803, -10.895, 0.1415, 100000, 438348, 12.4, 10.6, 0.536, 0, 0.004, 0, 0.005, 
2, 12, 0, 801, 46, 7241.8, 0, 7241.8, 0.001, 0, 7.242, 0.02112, 4.1, 0.01, 0, 22.4, 0, 0, 1, 0.77, 1, 0.04, 85, 0, 0, -7.243, -0.0211, 100000, 438337, 12.4, 10.6, 0.536, 0.001, 0, 0, 0, 
2, 12, 0, 801, 41, 1625.1, 0, 1625.1, 0, 0, 1.625, 0.02078, 1.8, 0.01, 0, 22.4, 0, 0, 1, 0.77, 1, 0.04, 85, 0, 0, -1.625, -0.0208, 100000, 438330, 12.4, 10.6, 0.535, 0.001, 0, 0, 0, 
2, 12, 0, 127, 36, 1625.1, 0.4, 1625.5, 0, 0, 1.935, 0.01637, 1.2, 1, 1.2, 23.6, 1.2, 0.42, 1, 0.71, 1, 0.04, 35, 0.31, 0.0774, -1.625, 0.061, 100000, 438328, 12.4, 10.6, 0.516, 0, 0.002, 0, 0.002, 
2, 12, 0, 801, 31, 4248.1, 0, 4248.1, 0, 0, 4.248, 0.01711, 3.2, 0.01, 0, 23.6, 0, 0, 1, 0.77, 1, 0.04, 85, 0, 0, -4.248, -0.0171, 100000, 438326, 12.4, 10.6, 0.536, 0.001, 0, 0, 0, 
2, 1, 0, 361, 181, 25962.7, 29.4, 25992, 5.638, 0.00638, 29.205, 0.81645, 5.6, 1, 5.6, 5.6, 5.6, 0.93, 1, 0.59, 1, 0.46, 41, 3.242, 1.3894, -31.601, 0.5666, 100000, 438321, 12.5, 8.6, 0.532, 0, 0.033, 0.012, 0.045, 
2, 1, 0, 801, 161, 57837.7, 0, 57837.7, 0.573, 0, 57.838, 0, 6.1, 0, 0, 5.6, 0, 0, 1, 0.65, 1, 0.46, 85, 0, 0, -58.411, 0, 100000, 438290, 12.5, 8.6, 0.532, 0.256, 0, 0, 0, 
2, 1, 0, 801, 156, 5553.3, 0, 5553.3, 0.046, 0, 5.553, 0, 3.7, 0, 0, 5.6, 0, 0, 1, 0.65, 1, 0.46, 85, 0, 0, -5.599, 0, 100000, 438232, 12.5, 8.6, 0.532, 0.151, 0, 0, 0, 
2, 1, 0, 361, 156, 4865.2, 15.7, 4880.9, 0.303, 0.00097, 8.49, 0.43498, 3.5, 1, 3.5, 9.1, 3.5, 0.8, 1, 0.59, 1, 0.28, 41, 3.625, 1.5534, -5.168, 1.1174, 100000, 438226, 12.5, 8.6, 0.532, 0, 0.044, 0.006, 0.05, 
2, 1, 0, 361, 151, 5976.2, 9.1, 5985.4, 0.29, 0.00044, 8.107, 0.25326, 3.8, 1, 3.8, 12.8, 3.8, 0.83, 1, 0.59, 1, 0.17, 41, 2.131, 0.9133, -6.266, 0.6596, 100000, 438222, 12.5, 8.6, 0.532, 0, 0.026, 0.004, 0.029, 
2, 1, 0, 801, 141, 12132.5, 0, 12132.5, 0.057, 0, 12.132, 0, 4.8, 0, 0, 12.8, 0, 0, 1, 0.65, 1, 0.17, 85, 0, 0, -12.19, 0, 100000, 438216, 12.5, 8.6, 0.532, 0.03, 0, 0, 0, 
2, 1, 0, 801, 131, 132236.3, 0, 132236.3, 0.431, 0, 132.236, 0, 6.3, 0, 0, 12.8, 0, 0, 1, 0.65, 1, 0.17, 85, 0, 0, -132.668, 0, 100000, 438204, 12.5, 8.6, 0.532, 0.012, 0, 0, 0, 
2, 1, 0, 361, 131, 3160.6, 5.3, 3165.8, 0.056, 9E-05, 4.507, 0.14588, 2.8, 1, 2.8, 15.6, 2.8, 0.73, 1, 0.59, 1, 0.11, 41, 1.346, 0.5769, -3.217, 0.4309, 100000, 438071, 12.5, 8.6, 0.532, 0, 0.016, 0.002, 0.019, 
2, 1, 0, 361, 126, 3474, 3.5, 3477.5, 0.048, 5E-05, 4.384, 0.09818, 2.9, 1, 2.9, 18.5, 2.9, 0.75, 1, 0.59, 1, 0.07, 41, 0.91, 0.3901, -3.522, 0.2919, 100000, 438069, 12.5, 8.6, 0.532, 0, 0.011, 0.001, 0.013, 
2, 1, 0, 801, 126, 56563.4, 0, 56563.4, 0.153, 0, 56.563, 0, 6, 0, 0, 18.5, 0, 0, 1, 0.65, 1, 0.07, 85, 0, 0, -56.717, 0, 100000, 438066, 12.5, 8.6, 0.532, 0.001, 0, 0, 0, 
2, 1, 0, 801, 91, 16918.3, 0, 16918.3, 0.013, 0, 16.918, 0, 5.2, 0, 0, 18.5, 0, 0, 1, 0.65, 1, 0.07, 85, 0, 0, -16.931, 0, 100000, 438009, 12.5, 8.6, 0.532, 0.005, 0, 0, 0, 
2, 1, 0, 801, 86, 60154.2, 0, 60154.2, 0.037, 0, 60.154, 0, 6.1, 0, 0, 18.5, 0, 0, 1, 0.65, 1, 0.07, 85, 0, 0, -60.191, 0, 100000, 437992, 12.5, 8.6, 0.532, 0.004, 0, 0, 0, 
2, 1, 0, 801, 66, 18655.9, 0, 18655.9, 0.005, 0, 18.656, 0, 5.3, 0, 0, 18.5, 0, 0, 1, 0.65, 1, 0.07, 85, 0, 0, -18.661, 0, 100000, 437932, 12.5, 8.6, 0.532, 0.004, 0, 0, 0, 
2, 1, 0, 801, 61, 6465.5, 0, 6465.5, 0.002, 0, 6.465, 0, 3.9, 0, 0, 18.5, 0, 0, 1, 0.65, 1, 0.07, 85, 0, 0, -6.467, 0, 100000, 437914, 12.5, 8.6, 0.532, 0.004, 0, 0, 0, 
2, 1, 0, 801, 51, 2705.8, 0, 2705.8, 0, 0, 2.706, 0, 2.5, 0, 0, 18.5, 0, 0, 1, 0.65, 1, 0.07, 85, 0, 0, -2.706, 0, 100000, 437908, 12.5, 8.6, 0.532, 0.003, 0, 0, 0, 
2, 1, 0, 127, 51, 10880.2, 1.1, 10881.3, 0.004, 0, 11.494, 0.04469, 3.9, 1, 3.9, 22.4, 3.9, 0.84, 1, 0.61, 1, 0.04, 35, 0.614, 0.1535, -10.884, 0.1088, 100000, 437906, 12.5, 8.6, 0.532, 0, 0.004, 0, 0.004, 
2, 1, 0, 801, 46, 7234.5, 0, 7234.5, 0.001, 0, 7.235, 0, 4.1, 0, 0, 22.4, 0, 0, 1, 0.65, 1, 0.04, 85, 0, 0, -7.236, 0, 100000, 437895, 12.5, 8.6, 0.532, 0.002, 0, 0, 0, 
2, 1, 0, 801, 41, 1623.5, 0, 1623.5, 0, 0, 1.623, 0, 1.8, 0, 0, 22.4, 0, 0, 1, 0.65, 1, 0.04, 85, 0, 0, -1.624, 0, 100000, 437888, 12.5, 8.6, 0.531, 0.002, 0, 0, 0, 
2, 1, 0, 127, 36, 1623.5, 0.5, 1623.9, 0, 0, 1.887, 0.01891, 1.2, 1, 1.2, 23.6, 1.2, 0.42, 1, 0.61, 1, 0.04, 35, 0.264, 0.0659, -1.624, 0.047, 100000, 437886, 12.5, 8.6, 0.512, 0, 0.002, 0, 0.002, 
2, 1, 0, 801, 31, 4243.9, 0, 4243.9, 0, 0, 4.244, 0, 3.2, 0, 0, 23.6, 0, 0, 1, 0.65, 1, 0.04, 85, 0, 0, -4.244, 0, 100000, 437885, 12.5, 8.6, 0.532, 0.001, 0, 0, 0, 
2, 2, 0, 361, 181, 25931.1, 30, 25961, 5.631, 0.00651, 30.659, 0.83219, 5.6, 1, 5.6, 5.6, 5.6, 0.93, 1, 0.71, 1, 0.46, 41, 4.728, 2.0262, -31.562, 1.1875, 100000, 437881, 16.3, 10.3, 0.531, 0, 0.053, 0.012, 0.065, 
2, 2, 0, 801, 161, 57779.3, 0, 57779.3, 0.573, 0, 57.779, 0, 6.1, 0, 0, 5.6, 0, 0, 1, 0.76, 1, 0.46, 85, 0, 0, -58.352, 0, 100000, 437850, 16.3, 10.3, 0.531, 0.256, 0, 0, 0, 
2, 2, 0, 801, 156, 5547.7, 0, 5547.7, 0.046, 0, 5.548, 0, 3.7, 0, 0, 5.6, 0, 0, 1, 0.76, 1, 0.46, 85, 0, 0, -5.593, 0, 100000, 437791, 16.3, 10.3, 0.531, 0.151, 0, 0, 0, 
2, 2, 0, 361, 156, 4860, 16.8, 4876.8, 0.302, 0.00104, 9.275, 0.46602, 3.5, 1, 3.5, 9, 3.5, 0.8, 1, 0.71, 1, 0.28, 41, 4.415, 1.8923, -5.162, 1.4252, 100000, 437786, 16.3, 10.3, 0.531, 0, 0.054, 0.007, 0.061, 
2, 2, 0, 361, 151, 5970, 9.8, 5979.8, 0.289, 0.00047, 8.583, 0.27159, 3.8, 1, 3.8, 12.8, 3.8, 0.83, 1, 0.71, 1, 0.17, 41, 2.613, 1.1197, -6.259, 0.8477, 100000, 437783, 16.3, 10.3, 0.531, 0, 0.032, 0.004, 0.036, 
2, 2, 0, 801, 141, 12120.3, 0, 12120.3, 0.057, 0, 12.12, 0, 4.8, 0, 0, 12.8, 0, 0, 1, 0.76, 1, 0.17, 85, 0, 0, -12.178, 0, 100000, 437778, 16.3, 10.3, 0.531, 0.03, 0, 0, 0, 
2, 2, 0, 801, 131, 132103.6, 0, 132103.6, 0.431, 0, 132.104, 0, 6.3, 0, 0, 12.8, 0, 0, 1, 0.76, 1, 0.17, 85, 0, 0, -132.535, 0, 100000, 437766, 16.3, 10.3, 0.531, 0.012, 0, 0, 0, 
2, 2, 0, 361, 131, 3157.3, 5.7, 3163, 0.056, 0.0001, 4.789, 0.15785, 2.8, 1, 2.8, 15.6, 2.8, 0.73, 1, 0.71, 1, 0.11, 41, 1.632, 0.6995, -3.214, 0.5415, 100000, 437634, 16.3, 10.3, 0.531, 0, 0.02, 0.002, 0.022, 
2, 2, 0, 361, 126, 3470.5, 3.8, 3474.3, 0.048, 5E-05, 4.576, 0.10629, 2.9, 1, 2.9, 18.5, 2.9, 0.75, 1, 0.71, 1, 0.07, 41, 1.105, 0.4738, -3.519, 0.3674, 100000, 437631, 16.3, 10.3, 0.531, 0, 0.014, 0.001, 0.015, 
2, 2, 0, 801, 126, 56506.7, 0, 56506.7, 0.153, 0, 56.507, 0, 6, 0, 0, 18.5, 0, 0, 1, 0.76, 1, 0.07, 85, 0, 0, -56.66, 0, 100000, 437628, 16.3, 10.3, 0.531, 0.001, 0, 0, 0, 
2, 2, 0, 801, 91, 16901.4, 0, 16901.4, 0.013, 0, 16.901, 0, 5.2, 0, 0, 18.5, 0, 0, 1, 0.76, 1, 0.07, 85, 0, 0, -16.914, 0, 100000, 437571, 16.3, 10.3, 0.531, 0.005, 0, 0, 0, 
2, 2, 0, 801, 86, 60094, 0, 60094, 0.037, 0, 60.094, 0, 6.1, 0, 0, 18.5, 0, 0, 1, 0.76, 1, 0.07, 85, 0, 0, -60.131, 0, 100000, 437554, 16.3, 10.3, 0.531, 0.004, 0, 0, 0, 
2, 2, 0, 801, 66, 18637.2, 0, 18637.2, 0.005, 0, 18.637, 0, 5.3, 0, 0, 18.5, 0, 0, 1, 0.76, 1, 0.07, 85, 0, 0, -18.643, 0, 100000, 437493, 16.3, 10.3, 0.531, 0.004, 0, 0, 0, 
2, 2, 0, 801, 61, 6459, 0, 6459, 0.002, 0, 6.459, 0, 3.9, 0, 0, 18.5, 0, 0, 1, 0.76, 1, 0.07, 85, 0, 0, -6.461, 0, 100000, 437474, 16.3, 10.3, 0.531, 0.004, 0, 0, 0, 
2, 2, 0, 801, 51, 2703.1, 0, 2703.1, 0, 0, 2.703, 0, 2.5, 0, 0, 18.5, 0, 0, 1, 0.76, 1, 0.07, 85, 0, 0, -2.704, 0, 100000, 437467, 16.3, 10.3, 0.531, 0.003, 0, 0, 0, 
2, 2, 0, 127, 51, 10869.3, 1.2, 10870.5, 0.004, 0, 11.578, 0.04922, 3.9, 1, 3.9, 22.4, 3.9, 0.84, 1, 0.7, 1, 0.04, 35, 0.709, 0.1773, -10.873, 0.1281, 100000, 437464, 16.3, 10.3, 0.531, 0, 0.004, 0, 0.004, 
2, 2, 0, 801, 46, 7227.3, 0, 7227.3, 0.001, 0, 7.227, 0, 4.1, 0, 0, 22.4, 0, 0, 1, 0.76, 1, 0.04, 85, 0, 0, -7.228, 0, 100000, 437453, 16.3, 10.3, 0.531, 0.002, 0, 0, 0, 
2, 2, 0, 801, 41, 1621.9, 0, 1621.9, 0, 0, 1.622, 0, 1.8, 0, 0, 22.4, 0, 0, 1, 0.76, 1, 0.04, 85, 0, 0, -1.622, 0, 100000, 437446, 16.3, 10.3, 0.53, 0.002, 0, 0, 0, 
2, 2, 0, 127, 36, 1621.9, 0.5, 1622.4, 0, 0, 1.926, 0.02087, 1.2, 1, 1.2, 23.6, 1.2, 0.42, 1, 0.7, 1, 0.04, 35, 0.304, 0.076, -1.622, 0.0552, 100000, 437445, 16.3, 10.3, 0.511, 0, 0.002, 0, 0.002, 
2, 2, 0, 801, 31, 4239.6, 0, 4239.6, 0, 0, 4.24, 0, 3.2, 0, 0, 23.6, 0, 0, 1, 0.76, 1, 0.04, 85, 0, 0, -4.24, 0, 100000, 437443, 16.3, 10.3, 0.531, 0.001, 0, 0, 0, 
2, 3, 0, 361, 181, 25899.5, 31.1, 25930.6, 5.624, 0.00676, 30.38, 0.86518, 5.6, 1, 5.6, 5.6, 5.6, 0.93, 1, 0.69, 1, 0.46, 41, 4.48, 1.9202, -31.524, 1.0482, 100000, 437439, 17.2, 10, 0.526, 0, 0.049, 0.012, 0.062, 
2, 3, 0, 801, 161, 57720.9, 0, 57720.9, 0.572, 0, 57.721, 0, 6.1, 0, 0, 5.6, 0, 0, 1, 0.74, 1, 0.46, 85, 0, 0, -58.293, 0, 100000, 437409, 17.2, 10, 0.526, 0.256, 0, 0, 0, 
2, 3, 0, 801, 156, 5542.1, 0, 5542.1, 0.046, 0, 5.542, 0, 3.7, 0, 0, 5.6, 0, 0, 1, 0.74, 1, 0.46, 85, 0, 0, -5.588, 0, 100000, 437351, 17.2, 10, 0.526, 0.151, 0, 0, 0, 
2, 3, 0, 361, 156, 4854.9, 18.2, 4873.1, 0.302, 0.00113, 9.136, 0.50561, 3.5, 1, 3.5, 9, 3.5, 0.8, 1, 0.69, 1, 0.28, 41, 4.281, 1.8349, -5.157, 1.3281, 100000, 437345, 17.2, 10, 0.526, 0, 0.052, 0.007, 0.059, 
2, 3, 0, 361, 151, 5963.7, 10.6, 5974.3, 0.289, 0.00051, 8.496, 0.29513, 3.8, 1, 3.8, 12.8, 3.8, 0.83, 1, 0.69, 1, 0.17, 41, 2.532, 1.0852, -6.253, 0.7895, 100000, 437341, 17.2, 10, 0.526, 0, 0.031, 0.004, 0.035, 
2, 3, 0, 801, 141, 12108.1, 0, 12108.1, 0.057, 0, 12.108, 0, 4.8, 0, 0, 12.8, 0, 0, 1, 0.74, 1, 0.17, 85, 0, 0, -12.165, 0, 100000, 437335, 17.2, 10, 0.526, 0.03, 0, 0, 0, 
2, 3, 0, 801, 131, 131971, 0, 131971, 0.431, 0, 131.971, 0, 6.3, 0, 0, 12.8, 0, 0, 1, 0.74, 1, 0.17, 85, 0, 0, -132.402, 0, 100000, 437322, 17.2, 10, 0.526, 0.012, 0, 0, 0, 
2, 3, 0, 361, 131, 3154.1, 6.2, 3160.4, 0.056, 0.00011, 4.738, 0.1729, 2.8, 1, 2.8, 15.6, 2.8, 0.73, 1, 0.69, 1, 0.11, 41, 1.584, 0.679, -3.21, 0.506, 100000, 437189, 17.2, 10, 0.526, 0, 0.019, 0.002, 0.022, 
2, 3, 0, 361, 126, 3467, 4.2, 3471.2, 0.048, 6E-05, 4.54, 0.11649, 2.9, 1, 2.9, 18.5, 2.9, 0.75, 1, 0.69, 1, 0.07, 41, 1.073, 0.4599, -3.515, 0.3434, 100000, 437186, 17.2, 10, 0.526, 0, 0.013, 0.002, 0.015, 
2, 3, 0, 801, 126, 56450, 0, 56450, 0.153, 0, 56.45, 0, 6, 0, 0, 18.5, 0, 0, 1, 0.74, 1, 0.07, 85, 0, 0, -56.603, 0, 100000, 437182, 17.2, 10, 0.526, 0.001, 0, 0, 0, 
2, 3, 0, 801, 91, 16884.5, 0, 16884.5, 0.013, 0, 16.884, 0, 5.2, 0, 0, 18.5, 0, 0, 1, 0.74, 1, 0.07, 85, 0, 0, -16.897, 0, 100000, 437126, 17.2, 10, 0.526, 0.005, 0, 0, 0, 
2, 3, 0, 801, 86, 60033.9, 0, 60033.9, 0.037, 0, 60.034, 0, 6.1, 0, 0, 18.5, 0, 0, 1, 0.74, 1, 0.07, 85, 0, 0, -60.071, 0, 100000, 437109, 17.2, 10, 0.526, 0.004, 0, 0, 0, 
2, 3, 0, 801, 66, 18618.6, 0, 18618.6, 0.005, 0, 18.619, 0, 5.3, 0, 0, 18.5, 0, 0, 1, 0.74, 1, 0.07, 85, 0, 0, -18.624, 0, 100000, 437049, 17.2, 10, 0.526, 0.004, 0, 0, 0, 
2, 3, 0, 801, 61, 6452.6, 0, 6452.6, 0.002, 0, 6.453, 0, 3.9, 0, 0, 18.5, 0, 0, 1, 0.74, 1, 0.07, 85, 0, 0, -6.454, 0, 100000, 437030, 17.2, 10, 0.526, 0.004, 0, 0, 0, 
2, 3, 0, 801, 51, 2700.4, 0, 2700.4, 0, 0, 2.7, 0, 2.5, 0, 0, 18.5, 0, 0, 1, 0.74, 1, 0.07, 85, 0, 0, -2.701, 0, 100000, 437024, 17.2, 10, 0.526, 0.003, 0, 0, 0, 
2, 3, 0, 127, 51, 10858.5, 1.3, 10859.8, 0.004, 0, 11.552, 0.05456, 3.9, 1, 3.9, 22.4, 3.9, 0.84, 1, 0.68, 1, 0.04, 35, 0.694, 0.1734, -10.862, 0.1188, 100000, 437021, 17.2, 10, 0.526, 0, 0.004, 0, 0.004, 
2, 3, 0, 801, 46, 7220.1, 0, 7220.1, 0.001, 0, 7.22, 0, 4.1, 0, 0, 22.4, 0, 0, 1, 0.74, 1, 0.04, 85, 0, 0, -7.221, 0, 100000, 437011, 17.2, 10, 0.526, 0.002, 0, 0, 0, 
2, 3, 0, 801, 41, 1620.2, 0, 1620.2, 0, 0, 1.62, 0, 1.8, 0, 0, 22.4, 0, 0, 1, 0.74, 1, 0.04, 85, 0, 0, -1.62, 0, 100000, 437003, 17.2, 10, 0.525, 0.002, 0, 0, 0, 
2, 3, 0, 127, 36, 1620.2, 0.6, 1620.8, 0, 0, 1.918, 0.02316, 1.2, 1, 1.2, 23.5, 1.2, 0.42, 1, 0.68, 1, 0.04, 35, 0.297, 0.0743, -1.62, 0.0512, 100000, 437001, 17.2, 10, 0.506, 0, 0.002, 0, 0.002, 
2, 3, 0, 801, 31, 4235.4, 0, 4235.4, 0, 0, 4.235, 0, 3.2, 0, 0, 23.5, 0, 0, 1, 0.74, 1, 0.04, 85, 0, 0, -4.236, 0, 100000, 437000, 17.2, 10, 0.526, 0.001, 0, 0, 0, 
2, 4, 0, 361, 181, 25868, 32.2, 25900.2, 5.617, 0.00699, 33.023, 0.89429, 5.6, 1, 5.6, 5.6, 5.6, 0.93, 1, 0.91, 1, 0.46, 41, 7.155, 3.0664, -31.485, 2.1651, 100000, 436996, 13.8, 13.8, 0.519, 0, 0.086, 0.013, 0.098, 
2, 4, 0, 801, 161, 57662.6, 0, 57662.6, 0.571, 0, 59.462, 0, 6.1, 0, 0.2, 5.8, 0.2, 0.09, 1, 0.93, 1, 0.45, 85, 1.8, 0.7714, -58.234, 0.7714, 100000, 436966, 13.8, 13.8, 0.519, 0.256, 0, 0.024, 0.024, 
2, 4, 0, 801, 156, 5536.5, 0, 5536.5, 0.046, 0, 7.644, 0, 3.7, 0, 0.2, 6, 0.2, 0.09, 1, 0.93, 1, 0.43, 85, 2.107, 0.9031, -5.582, 0.9031, 100000, 436909, 13.8, 13.8, 0.519, 0.151, 0, 0.028, 0.028, 
2, 4, 0, 361, 156, 4849.7, 19.5, 4869.2, 0.302, 0.00122, 10.234, 0.54251, 3.5, 1, 3.5, 9.4, 3.5, 0.8, 1, 0.91, 1, 0.27, 41, 5.384, 2.3075, -5.151, 1.7638, 100000, 436904, 13.8, 13.8, 0.519, 0, 0.066, 0.008, 0.074, 
2, 4, 0, 361, 151, 5957.5, 11.4, 5968.9, 0.289, 0.00055, 9.162, 0.31706, 3.8, 1, 3.8, 13.2, 3.8, 0.83, 1, 0.91, 1, 0.16, 41, 3.204, 1.3732, -6.246, 1.0556, 100000, 436900, 13.8, 13.8, 0.519, 0, 0.04, 0.004, 0.044, 
2, 4, 0, 801, 141, 12096, 0, 12096, 0.057, 0, 12.809, 0, 4.8, 0, 0.2, 13.4, 0.2, 0.09, 1, 0.93, 1, 0.15, 85, 0.713, 0.3057, -12.153, 0.3057, 100000, 436895, 13.8, 13.8, 0.519, 0.03, 0, 0.009, 0.009, 
2, 4, 0, 801, 131, 131838.6, 0, 131838.6, 0.43, 0, 132.27, 0, 6.3, 0, 0.2, 13.6, 0.2, 0.09, 1, 0.93, 1, 0.15, 85, 0.432, 0.1849, -132.269, 0.1849, 100000, 436884, 13.8, 13.8, 0.519, 0.012, 0, 0.006, 0.006, 
2, 4, 0, 361, 131, 3150.9, 6.7, 3157.7, 0.056, 0.00012, 5.024, 0.18695, 2.8, 1, 2.8, 16.4, 2.8, 0.73, 1, 0.91, 1, 0.1, 41, 1.873, 0.8029, -3.207, 0.6158, 100000, 436752, 13.8, 13.8, 0.519, 0, 0.023, 0.003, 0.026, 
2, 4, 0, 361, 126, 3463.5, 4.5, 3468, 0.048, 6E-05, 4.734, 0.12603, 2.9, 1, 2.9, 19.3, 2.9, 0.75, 1, 0.91, 1, 0.07, 41, 1.271, 0.5445, -3.512, 0.4184, 100000, 436750, 13.8, 13.8, 0.519, 0, 0.016, 0.002, 0.017, 
2, 4, 0, 801, 126, 56393.4, 0, 56393.4, 0.153, 0, 56.608, 0, 6, 0, 0.2, 19.5, 0.2, 0.09, 1, 0.93, 1, 0.07, 85, 0.215, 0.0919, -56.546, 0.0919, 100000, 436747, 13.8, 13.8, 0.519, 0.001, 0.001, 0.001, 0.003, 
2, 4, 0, 801, 91, 16867.6, 0, 16867.6, 0.013, 0, 17.172, 0, 5.2, 0, 0.2, 19.7, 0.2, 0.09, 1, 0.93, 1, 0.06, 85, 0.304, 0.1302, -16.88, 0.1302, 100000, 436690, 13.8, 13.8, 0.519, 0.005, 0, 0.004, 0.004, 
2, 4, 0, 801, 86, 59973.8, 0, 59973.8, 0.037, 0, 60.252, 0, 6.1, 0, 0.2, 19.9, 0.2, 0.09, 1, 0.93, 1, 0.06, 85, 0.278, 0.1192, -60.011, 0.1192, 100000, 436673, 13.8, 13.8, 0.519, 0.004, 0, 0.004, 0.004, 
2, 4, 0, 801, 66, 18600, 0, 18600, 0.005, 0, 18.892, 0, 5.3, 0, 0.2, 20.1, 0.2, 0.09, 1, 0.93, 1, 0.06, 85, 0.292, 0.1251, -18.605, 0.1251, 100000, 436613, 13.8, 13.8, 0.519, 0.004, 0, 0.004, 0.004, 
2, 4, 0, 801, 61, 6446.1, 0, 6446.1, 0.002, 0, 6.732, 0, 3.9, 0, 0.2, 20.3, 0.2, 0.09, 1, 0.93, 1, 0.06, 85, 0.286, 0.1227, -6.448, 0.1227, 100000, 436595, 13.8, 13.8, 0.519, 0.004, 0, 0.004, 0.004, 
2, 4, 0, 801, 51, 2697.7, 0, 2697.7, 0, 0, 2.977, 0, 2.5, 0, 0.2, 20.5, 0.2, 0.09, 1, 0.93, 1, 0.06, 85, 0.279, 0.1197, -2.698, 0.1197, 100000, 436588, 13.8, 13.8, 0.519, 0.003, 0.001, 0.003, 0.004, 
2, 4, 0, 127, 51, 10847.6, 1.4, 10849, 0.004, 0, 11.513, 0.05951, 3.9, 1, 3.9, 24.4, 3.9, 0.84, 1, 0.87, 1, 0.03, 35, 0.666, 0.1664, -10.851, 0.1069, 100000, 436586, 13.8, 13.8, 0.519, 0, 0.004, 0, 0.004, 
2, 4, 0, 801, 46, 7212.8, 0, 7212.8, 0.001, 0, 7.371, 0, 4.1, 0, 0.2, 24.6, 0.2, 0.09, 1, 0.93, 1, 0.03, 85, 0.158, 0.0676, -7.214, 0.0676, 100000, 436575, 13.8, 13.8, 0.519, 0.002, 0, 0.002, 0.002, 
2, 4, 0, 801, 41, 1618.6, 0, 1618.6, 0, 0, 1.773, 0, 1.8, 0, 0.2, 24.8, 0.2, 0.09, 1, 0.93, 1, 0.03, 85, 0.154, 0.066, -1.619, 0.066, 100000, 436568, 13.8, 13.8, 0.518, 0.002, 0, 0.002, 0.002, 
2, 4, 0, 127, 36, 1618.6, 0.6, 1619.2, 0, 0, 1.888, 0.0253, 1.2, 1, 1.2, 25.9, 1.2, 0.42, 1, 0.87, 1, 0.03, 35, 0.27, 0.0674, -1.619, 0.0421, 100000, 436567, 13.8, 13.8, 0.499, 0, 0.002, 0, 0.002, 
2, 4, 0, 801, 31, 4231.2, 0, 4231.2, 0, 0, 4.358, 0, 3.2, 0, 0.2, 26.1, 0.2, 0.09, 1, 0.93, 1, 0.03, 85, 0.127, 0.0545, -4.231, 0.0545, 100000, 436565, 13.8, 13.8, 0.519, 0.001, 0, 0.001, 0.002, 
2, 5, 0, 361, 181, 25836.5, 34.4, 25870.8, 5.61, 0.00746, 33.352, 0.95444, 5.6, 1, 5.6, 5.6, 5.6, 0.93, 1, 0.94, 1, 0.46, 41, 7.516, 3.221, -31.447, 2.2591, 100000, 436560, 11.8, 14.6, 0.51, 0, 0.09, 0.014, 0.103, 
2, 5, 0, 801, 161, 57604.4, 0.8, 57605.2, 0.571, 1E-05, 67.897, 0, 6.1, 0.25, 1.5, 7.1, 1.5, 0.51, 1, 0.95, 1, 0.37, 85, 10.292, 4.4109, -58.175, 4.4109, 100000, 436531, 11.8, 14.6, 0.51, 0.233, 0, 0.136, 0.136, 
2, 5, 0, 801, 156, 5530.9, 0.9, 5531.8, 0.046, 1E-05, 12.561, 0, 3.7, 0.29, 1.1, 8.2, 1.1, 0.39, 1, 0.95, 1, 0.32, 85, 7.03, 3.013, -5.576, 3.013, 100000, 436477, 11.8, 14.6, 0.51, 0.123, 0, 0.093, 0.093, 
2, 5, 0, 361, 156, 4844.6, 21.3, 4865.9, 0.301, 0.00132, 8.889, 0.5915, 3.5, 1, 3.5, 11.6, 3.5, 0.8, 1, 0.94, 1, 0.2, 41, 4.044, 1.7332, -5.146, 1.1404, 100000, 436475, 11.8, 14.6, 0.51, 0, 0.047, 0.008, 0.056, 
2, 5, 0, 361, 151, 5951.2, 12.5, 5963.7, 0.288, 0.0006, 8.341, 0.34639, 3.8, 1, 3.8, 15.4, 3.8, 0.83, 1, 0.94, 1, 0.12, 41, 2.389, 1.024, -6.24, 0.677, 100000, 436471, 11.8, 14.6, 0.51, 0, 0.028, 0.005, 0.033, 
2, 5, 0, 801, 141, 12083.8, 0.3, 12084.1, 0.057, 0, 13.365, 0, 4.8, 0.11, 0.5, 15.9, 0.5, 0.22, 1, 0.95, 1, 0.11, 85, 1.281, 0.5492, -12.141, 0.5492, 100000, 436466, 11.8, 14.6, 0.51, 0.021, 0, 0.017, 0.017, 
2, 5, 0, 801, 131, 131706.4, 0.2, 131706.6, 0.43, 0, 132.438, 0, 6.3, 0.07, 0.4, 16.4, 0.4, 0.18, 1, 0.95, 1, 0.1, 85, 0.731, 0.3133, -132.136, 0.3133, 100000, 436454, 11.8, 14.6, 0.51, 0.007, 0.003, 0.007, 0.01, 
2, 5, 0, 361, 131, 3147.7, 7.3, 3155.1, 0.056, 0.00013, 4.457, 0.20406, 2.8, 1, 2.8, 19.1, 2.8, 0.73, 1, 0.94, 1, 0.07, 41, 1.309, 0.561, -3.204, 0.3568, 100000, 436322, 11.8, 14.6, 0.51, 0, 0.015, 0.003, 0.018, 
2, 5, 0, 361, 126, 3459.9, 5, 3464.9, 0.048, 7E-05, 4.346, 0.13766, 2.9, 1, 2.9, 22, 2.9, 0.75, 1, 0.94, 1, 0.05, 41, 0.886, 0.3797, -3.508, 0.242, 100000, 436319, 11.8, 14.6, 0.51, 0, 0.01, 0.002, 0.012, 
2, 5, 0, 801, 126, 56336.8, 0.1, 56336.9, 0.153, 0, 56.461, 0, 6, 0.03, 0.2, 22.2, 0.2, 0.09, 1, 0.95, 1, 0.04, 85, 0.124, 0.0532, -56.49, 0.0532, 100000, 436316, 11.8, 14.6, 0.51, 0, 0.002, 0, 0.002, 
2, 5, 0, 801, 91, 16850.7, 0.1, 16850.8, 0.012, 0, 17.109, 0, 5.2, 0.05, 0.2, 22.5, 0.2, 0.11, 1, 0.95, 1, 0.04, 85, 0.258, 0.1106, -16.863, 0.1106, 100000, 436260, 11.8, 14.6, 0.51, 0.001, 0.002, 0.001, 0.003, 
2, 5, 0, 801, 86, 59913.8, 0.1, 59913.9, 0.037, 0, 60.163, 0, 6.1, 0.04, 0.3, 22.8, 0.3, 0.12, 1, 0.95, 1, 0.04, 85, 0.249, 0.1066, -59.951, 0.1066, 100000, 436244, 11.8, 14.6, 0.51, 0.001, 0.003, 0.001, 0.003, 
2, 5, 0, 801, 66, 18581.3, 0.1, 18581.5, 0.005, 0, 18.821, 0, 5.3, 0.05, 0.2, 23, 0.2, 0.11, 1, 0.95, 1, 0.04, 85, 0.24, 0.1028, -18.587, 0.1028, 100000, 436185, 11.8, 14.6, 0.51, 0.001, 0.003, 0.001, 0.003, 
2, 5, 0, 801, 61, 6439.7, 0.1, 6439.8, 0.002, 0, 6.636, 0, 3.9, 0.05, 0.2, 23.2, 0.2, 0.09, 1, 0.95, 1, 0.04, 85, 0.196, 0.084, -6.441, 0.084, 100000, 436166, 11.8, 14.6, 0.51, 0, 0.003, 0, 0.003, 
2, 5, 0, 801, 51, 2695, 0.1, 2695.1, 0, 0, 2.886, 0, 2.5, 0.04, 0.2, 23.4, 0.2, 0.09, 1, 0.95, 1, 0.04, 85, 0.191, 0.082, -2.695, 0.082, 100000, 436160, 11.8, 14.6, 0.51, 0, 0.003, 0, 0.003, 
2, 5, 0, 127, 51, 10836.8, 1.5, 10838.3, 0.004, 0, 11.296, 0.06396, 3.9, 1, 3.9, 27.3, 3.9, 0.84, 1, 0.89, 1, 0.02, 35, 0.459, 0.1147, -10.84, 0.0507, 100000, 436157, 11.8, 14.6, 0.51, 0, 0.003, 0, 0.003, 
2, 5, 0, 801, 46, 7205.6, 0.1, 7205.7, 0.001, 0, 7.314, 0, 4.1, 0.03, 0.2, 27.5, 0.2, 0.09, 1, 0.95, 1, 0.02, 85, 0.108, 0.0463, -7.207, 0.0463, 100000, 436146, 11.8, 14.6, 0.51, 0, 0.001, 0, 0.001, 
2, 5, 0, 801, 41, 1617, 0.1, 1617.1, 0, 0, 1.723, 0, 1.8, 0.02, 0.2, 27.7, 0.2, 0.09, 1, 0.95, 1, 0.02, 85, 0.106, 0.0452, -1.617, 0.0452, 100000, 436139, 11.8, 14.6, 0.509, 0, 0.001, 0, 0.001, 
2, 5, 0, 127, 36, 1617, 0.6, 1617.7, 0, 0, 1.803, 0.02705, 1.2, 1, 1.2, 28.8, 1.2, 0.42, 1, 0.89, 1, 0.02, 35, 0.186, 0.0465, -1.617, 0.0195, 100000, 436137, 11.8, 14.6, 0.49, 0, 0.001, 0, 0.001, 
2, 5, 0, 801, 31, 4226.9, 0.1, 4227, 0, 0, 4.314, 0, 3.2, 0.02, 0.2, 29, 0.2, 0.09, 1, 0.95, 1, 0.02, 85, 0.087, 0.0373, -4.227, 0.0373, 100000, 436136, 11.8, 14.6, 0.51, 0, 0.001, 0, 0.001, 
2, 6, 0, 361, 182, 25805, 36.6, 25841.7, 5.891, 0.00836, 33.833, 1.01719, 5.6, 1, 5.6, 5.6, 5.6, 0.93, 1, 1, 1, 0.46, 41, 8.028, 3.4406, -31.696, 2.4151, 100000, 436132, 9.4, 17.3, 0.5, 0, 0.096, 0.014, 0.111, 
2, 6, 0, 801, 162, 57546.2, 5.2, 57551.4, 0.592, 5E-05, 69.133, 0, 6.1, 0.86, 5.2, 10.8, 5.2, 0.91, 1, 1, 1, 0.22, 85, 11.586, 4.9656, -58.138, 4.9656, 100000, 436103, 9.4, 17.3, 0.5, 0.097, 0.055, 0.097, 0.153, 
2, 6, 0, 801, 157, 5525.3, 3.9, 5529.2, 0.047, 3E-05, 11.999, 0, 3.7, 0.77, 2.8, 13.6, 2.8, 0.74, 1, 1, 1, 0.15, 85, 6.474, 2.7746, -5.573, 2.7745, 100000, 436050, 9.4, 17.3, 0.5, 0.03, 0.055, 0.03, 0.085, 
2, 6, 0, 361, 157, 4839.4, 22.4, 4861.8, 0.317, 0.00147, 6.728, 0.62318, 3.5, 1, 3.5, 17.1, 3.5, 0.8, 1, 1, 1, 0.09, 41, 1.888, 0.8093, -5.156, 0.1847, 100000, 436047, 9.4, 17.3, 0.5, 0, 0.017, 0.009, 0.026, 
2, 6, 0, 361, 152, 5945, 13.1, 5958.1, 0.303, 0.00067, 7.018, 0.36519, 3.8, 1, 3.8, 20.8, 3.8, 0.83, 1, 1, 1, 0.05, 41, 1.073, 0.46, -6.248, 0.0942, 100000, 436042, 9.4, 17.3, 0.5, 0, 0.01, 0.005, 0.015, 
2, 6, 0, 801, 142, 12071.7, 0.9, 12072.5, 0.059, 0, 13.263, 0, 4.8, 0.27, 1.3, 22.2, 1.3, 0.46, 1, 1, 1, 0.04, 85, 1.192, 0.5107, -12.131, 0.5107, 100000, 436035, 9.4, 17.3, 0.5, 0.004, 0.012, 0.004, 0.016, 
2, 6, 0, 801, 132, 131574.2, 0.5, 131574.7, 0.445, 0, 132.172, 0, 6.3, 0.17, 1.1, 23.2, 1.1, 0.4, 1, 1, 1, 0.04, 85, 0.598, 0.2564, -132.02, 0.2564, 100000, 436023, 9.4, 17.3, 0.5, 0, 0.008, 0, 0.008, 
2, 6, 0, 361, 132, 3144.5, 7.7, 3152.2, 0.059, 0.00014, 3.649, 0.21397, 2.8, 1, 2.8, 26, 2.8, 0.73, 1, 1, 1, 0.03, 41, 0.505, 0.2163, -3.203, 0.0022, 100000, 435891, 9.4, 17.3, 0.5, 0, 0.004, 0.003, 0.007, 
2, 6, 0, 361, 127, 3456.4, 5.2, 3461.6, 0.05, 8E-05, 3.794, 0.14438, 2.9, 1, 2.9, 28.9, 2.9, 0.75, 1, 1, 1, 0.02, 41, 0.337, 0.1445, -3.507, 0, 100000, 435888, 9.4, 17.3, 0.5, 0, 0.003, 0.002, 0.005, 
2, 6, 0, 801, 127, 56280.4, 0.1, 56280.5, 0.158, 0, 56.308, 0, 6, 0.05, 0.3, 29.2, 0.3, 0.14, 1, 1, 1, 0.02, 85, 0.028, 0.0119, -56.439, 0.0119, 100000, 435885, 9.4, 17.3, 0.5, 0, 0, 0, 0, 
2, 6, 0, 801, 92, 16833.8, 0.2, 16834.1, 0.013, 0, 17.002, 0, 5.2, 0.09, 0.4, 29.7, 0.4, 0.19, 1, 1, 1, 0.02, 85, 0.168, 0.072, -16.847, 0.072, 100000, 435829, 9.4, 17.3, 0.5, 0, 0.002, 0, 0.002, 
2, 6, 0, 801, 87, 59853.9, 0.2, 59854.1, 0.038, 0, 60.007, 0, 6.1, 0.08, 0.5, 30.2, 0.5, 0.21, 1, 1, 1, 0.01, 85, 0.153, 0.0656, -59.892, 0.0656, 100000, 435812, 9.4, 17.3, 0.5, 0, 0.002, 0, 0.002, 
2, 6, 0, 801, 67, 18562.8, 0.2, 18563, 0.006, 0, 18.71, 0, 5.3, 0.08, 0.4, 30.6, 0.4, 0.18, 1, 1, 1, 0.01, 85, 0.147, 0.0629, -18.568, 0.0629, 100000, 435752, 9.4, 17.3, 0.5, 0, 0.002, 0, 0.002, 
2, 6, 0, 801, 62, 6433.2, 0.2, 6433.4, 0.002, 0, 6.533, 0, 3.9, 0.07, 0.3, 30.9, 0.3, 0.13, 1, 1, 1, 0.01, 85, 0.1, 0.0427, -6.435, 0.0427, 100000, 435734, 9.4, 17.3, 0.5, 0, 0.001, 0, 0.001, 
2, 6, 0, 801, 52, 2692.3, 0.2, 2692.5, 0, 0, 2.76, 0, 2.5, 0.07, 0.2, 31.1, 0.2, 0.09, 1, 1, 1, 0.01, 85, 0.068, 0.0292, -2.693, 0.0292, 100000, 435728, 9.4, 17.3, 0.5, 0, 0.001, 0, 0.001, 
2, 6, 0, 127, 52, 10825.9, 1.6, 10827.5, 0.004, 0, 10.994, 0.06607, 3.9, 1, 3.9, 35, 3.9, 0.84, 1, 0.97, 1, 0.01, 35, 0.168, 0.0419, -10.83, -0.0242, 100000, 435725, 9.4, 17.3, 0.5, 0, 0.001, 0, 0.001, 
2, 6, 0, 801, 47, 7198.4, 0.1, 7198.5, 0.001, 0, 7.236, 0, 4.1, 0.04, 0.2, 35.2, 0.2, 0.09, 1, 1, 1, 0.01, 85, 0.038, 0.0163, -7.199, 0.0163, 100000, 435714, 9.4, 17.3, 0.5, 0, 0.001, 0, 0.001, 
2, 6, 0, 801, 42, 1615.4, 0.1, 1615.5, 0, 0, 1.653, 0, 1.8, 0.04, 0.2, 35.4, 0.2, 0.09, 1, 1, 1, 0.01, 85, 0.038, 0.0161, -1.616, 0.0161, 100000, 435707, 9.4, 17.3, 0.5, 0, 0, 0, 0, 
2, 6, 0, 127, 37, 1615.4, 0.7, 1616.1, 0, 0, 1.684, 0.02787, 1.2, 1, 1.2, 36.5, 1.2, 0.42, 1, 0.97, 1, 0.01, 35, 0.069, 0.0172, -1.616, -0.0107, 100000, 435705, 9.4, 17.3, 0.481, 0, 0, 0, 0, 
2, 6, 0, 801, 32, 4222.7, 0.1, 4222.8, 0, 0, 4.254, 0, 3.2, 0.03, 0.2, 36.7, 0.2, 0.09, 1, 1, 1, 0.01, 85, 0.031, 0.0133, -4.223, 0.0133, 100000, 435703, 9.4, 17.3, 0.5, 0, 0, 0, 0, 
